xPS7bqBePSs,177,117,6,76775,5682,37
dInwVhRtN4E,171,330,198,15660374,392718,17901
rn5Xgak1zzA,67,69,64,529514,40548,952
TzyraAp3jaY,85,139,26,228909,2644,4
eHq6ZA6uKOg,63,71,37,135189,1156,374
_r5eTelhpmQ,160,114,15,182342,7712,191
JkqTeQHFoBY,64,50,20,431082,4694,43
Bo-qp-Zu0OY,11,10,1,21654,179,1
K7pQsR8WFSo,181,161,58,2300663,110553,1060
g_ekn1gjBq0,25,5,1,16427,395,17
4yCkkOvIkUI,6,11,2,12905,59,43
7TN09IP5JuI,207,253,40,20785005,869092,8855
RE-far-FvRs,200,235,65,1355210,63437,1225
WQjO1mMCPg4,107,322,71,10417128,307533,29960
aRgTLb5EbiQ,337,51,12,72810,9292,48
xNddRhpx5tA,96,265,139,4393208,109168,2060
tUXLO8Dtvq4,47,83,70,688657,13542,1104
a7Sf_H2cFdM,126,155,18,3823167,104584,2979
mGqR9sgMIyA,5,13,7,25652,73,11
fBTBc2OA9fw,34,56,10,200676,11690,328
rjINNeC0DFA,161,122,17,2849344,103704,629
L6KZ6egpKGM,168,111,20,272265,10439,299
UXdbCReBTR8,230,414,56,18389747,679155,15835
G3fZBW_okks,280,185,35,1241176,57367,409
rjlXcMhQgPU,63,175,62,625828,16935,1412
hkA2a4_tNOs,143,318,139,24660754,889049,82228
CAQ2wWVlOuc,70,165,53,146015,1811,396
H8t5M9_Tvzk,189,186,25,739275,33310,540
1QWLyi03twg,256,255,150,2085608,20398,12531
kjNU-dbG3ek,102,217,81,13937956,880602,11284
vo391vKvD4s,279,104,17,587092,41256,324
lSsTCiC93WI,218,167,115,3880004,134585,7082
GbhdRYQz9-0,13,18,5,261483,2045,25
ckXN4Tc6-c8,208,162,30,815056,47881,968
8hP6WROycAU,189,261,50,7901161,749638,4585
R1g07RpTPFE,133,209,57,9389052,149353,4168
vHDtNBh6aHs,88,129,83,2933982,47443,1126
1y7giHbrvcc,226,127,47,161341,9001,354
3y5A4paFOb4,187,337,76,85451527,5980546,551334
JdqUUKEATiw,34,59,7,20722,3335,19
9W0WPPpCFaM,35,49,16,209228,7829,237
X7WFMUq5ECE,137,169,94,3048339,145971,17747
_o8vb1BA_c0,67,119,14,3491147,120435,1966
HkoGtBEA1co,222,142,36,3166763,132538,6702
VPo2k2z7Xqg,239,234,27,281977,12357,648
aawlU1IzuqI,36,14,4,39164,756,29
rfMJ-DylWBs,95,239,166,4678614,106837,2585
7_HboVYEkWw,78,105,117,756137,3526,1758
_0d3XbH12cs,154,130,16,289866,21179,191
CX4KuIBmnjI,247,118,31,523873,19053,842
WYYvHb03Eog,264,402,134,29225991,230409,46588
1L7JFN7tQLs,306,267,127,4961383,142040,5573
zTjcPeb2Gwg,135,143,22,3784739,113611,2352
k9bYO7uSnrg,7,8,9,14577,160,19
xzPRACH6YwE,38,43,19,378178,25046,1112
eLdqkQWUVFI,50,211,39,3212017,197210,3074
2ZfHXn4rmAc,3,2,1,8413,23,2
_Eb9kppyRxc,251,180,69,5690223,656703,8831
b-znn2eQL08,228,157,15,1435985,87787,678
07v6qA2l3n4,126,66,8,2346808,25200,854
xMmyeKq4w8E,3,3,3,8886,82,2
oStLD-yYAy0,28,51,21,292572,8571,411
B9SptdjpJBQ,170,261,69,4559747,220177,2311
-Jdc7FXupWQ,216,149,35,170923,10585,228
i29zfPUHRAQ,12,0,4,25945,60,14
LTnl36-0-zU,82,85,33,790223,28767,667
uA4STm4hx7Q,242,201,57,604222,20030,934
_6Qbslgpw8U,105,143,52,715764,21897,373
oySwpCuzQ9A,81,91,28,621865,8437,294
BBn_fo8NprY,123,236,41,11519975,801309,12397
zhtliiCSYb8,171,215,14,5448117,224724,2640
GmrFu7I-bBE,116,108,25,167676,2158,134
s7u5igc-lFg,84,187,129,564097,34534,829
d6a4AGg_TsI,120,90,30,113827,1675,686
do-9G1s9LSY,188,163,49,890253,115731,1699
oDIDZ9EmQfA,80,191,29,5069640,200695,6729
X7ld45pUueQ,39,150,11,4663813,9787,1878
J_e77K4n6Ts,52,123,25,710323,25899,391
AQa9pEkQ_0Y,317,161,22,1199745,72063,1119
Q2Ku7ELCBag,113,166,21,6093956,324609,4591
MXtDj0eGhtw,53,325,22,1519499,47469,1294
jXj6c7bmxII,26,62,12,222677,4123,29
p25S_5P6ejg,367,97,36,1232937,56701,2147
-cjfTG8DbwA,196,114,90,2375089,92626,4100
VFM0UqX9MJ8,137,230,33,1498566,7324,1479
IcYbVguyp6w,239,114,14,113834,7235,36
FUBXKn1oP0g,179,254,67,4496565,321016,2743
42G_XzaPcPo,116,73,11,1875081,89167,804
sgBGvgxuXvQ,152,111,37,205294,10498,50
F8i8pnZmk50,154,220,26,4463513,187617,5825
mGibr5Uy04w,140,112,48,406381,48618,241
_38JDGnr0vA,263,202,35,4722810,135340,1136
5Wiio4KoGe8,248,300,52,27454946,1162091,21527
uE_hF1R20rg,30,33,14,58459,1044,11
xnSew-tCuPo,260,113,27,1783344,108279,2391
EtTi9TBRRNo,26,54,7,146969,1013,129
IQisUbBljW0,182,195,122,2960197,47746,1244
AC83xjb5Njw,152,137,11,553630,24225,459
DUFBEamEF0Q,67,88,45,1614429,19771,358
KEBDxhqhzF0,248,191,61,953768,38200,552
zTTaFg2Sq9Y,146,189,77,7710818,16258,1005
7KS2oJPzeZk,265,272,63,19735387,205727,10328
Gv69uNr3Tf4,255,192,53,11144509,161889,4522
H3YE_oGD05M,272,90,34,100935,4631,394
s7eVr-OUYkQ,23,21,0,116562,5447,67
nBAvUSZSEf8,93,147,160,713550,2620,493
_oO0pd8VJjY,125,208,67,7068462,557942,3361
TTkzAiZ6YV0,157,192,51,226282,8645,947
FcPs-bMkUjo,223,131,46,1297484,50326,2006
5QCv3dJBPyQ,245,126,29,1795620,150696,1479
DHYRxML2SpA,61,209,30,1267032,43850,632
nOllkbo99SU,10,20,0,10682,431,10
T6x-kDiQsWM,113,146,41,6076940,103626,5565
d8U5funnyA8,185,307,108,4807580,116050,7333
GyxgtAwn34A,224,223,53,13540389,613963,19439
t3oar3hIDWA,43,49,8,217624,15050,57
OWpSYn40eLc,156,286,57,15843126,970790,21646
ONt_ajHfSiw,98,230,72,2346376,116102,2342
e7acWkAb1dA,225,107,68,367783,13017,162
2nFO0sMs9Zs,128,57,13,218537,5799,113
SYxzzqGhgEs,34,56,10,308947,1337,49
NheUm_izr6A,160,57,3,312930,5793,144
yBt9zuvZxIc,132,264,75,1579699,5231,280
oQyKpOJhUKY,45,39,16,717247,18143,1810
craAcv415FM,97,393,10,7966362,631114,3827
BVzLwYYsPlY,7,30,4,78768,334,13
vu_9muoxT50,75,97,28,1463965,37637,1054
_uLmn_Dba08,53,131,16,4100834,82368,5365
REyxoxScrbU,90,88,22,9977884,296389,17476
JJc1Tqcu-8E,58,30,12,35011,1262,62
ZGlYvprDKNM,140,148,12,1123696,54597,599
hwNIzQLtHnU,159,119,22,156522,3953,89
bHT4pO0VcXI,137,206,57,1881282,84204,4224
pxVO5K8jmdA,133,150,17,122514,12305,164
9yqdwbJZtSc,56,37,7,73140,3626,36
OmTb_ea1K5U,142,125,33,236711,19305,119
TaxAsHhex10,32,30,38,1819923,57412,7235
VX9IAt75P28,169,284,47,7563413,169858,3362
EbwIKveO4qU,186,192,22,510314,46597,177
OY_cUBpDoiI,36,139,25,2106003,125737,1393
MiQYQQcG1HQ,161,170,69,1045926,25522,1029
eqTTNgyJm-o,43,108,49,1117048,15844,794
uqoFsqOJYCg,80,87,133,1340695,33527,2642
qR1EM-RIZNk,202,187,111,4038472,98393,8532
ZW4jOlyj-sM,192,138,70,1243873,63360,1915
ZVPTxFZTQis,169,362,69,536102,23138,385
dt__kig8PVU,252,183,65,19733243,358963,20982
RtEvTmhVeQQ,68,92,40,413094,5049,534
aeUyLiIlDVE,13,21,6,380039,689,54
FRjPEOPr6pA,30,51,25,35178,281,71
DdTamlcP-3Y,46,32,22,320190,22519,57
QKgUwKuhQmo,10,11,1,10729,277,11
QrNk6lHyDbk,41,41,18,1109607,19554,482
KJboCFa4iVQ,3,1,1,11750,172,5
bnON1y-fKag,38,40,22,226012,9353,156
Xqpf1FxU2q4,208,327,65,1599623,105794,902
ceLV1v3mV4E,107,70,23,213716,10581,207
S_9OSktlm6s,146,300,54,18942857,243853,8014
-q47sHA4eAo,141,276,83,9060114,200134,10617
3e9tJJKBlwM,195,187,115,364246,8753,183
FqdsYn9TdWQ,184,139,77,1006949,30675,437
BpT3gx3s0ns,152,132,16,3516688,151468,1780
tv19Sd9dS38,95,34,71,2166472,78784,1434
y4BQEzQieEU,4,10,0,173159,338,4
czeMrUoy8kw,9,20,11,68882,110,33
E3DWd2dTiaQ,296,254,41,921417,22004,1017
_95NxbsbMF4,187,147,66,12378151,1232113,14126
EUoe7cf0HYw,131,133,36,18168797,1102367,59729
7xCQ4B40wOc,62,112,26,228588,12473,89
S6eJbe5GyDo,76,84,40,1442410,2845,414
-cYk6sbe11c,50,122,24,659366,2316,378
S9_fwmdCyzo,1,4,6,115722,716,24
CzYM4ZpSDJg,214,268,118,2081158,39021,2147
J_OyB0k-IVg,102,172,122,1196131,4970,1495
12vfxYs6F7E,155,311,34,1500829,71131,545
ouJwpthMfkY,171,96,33,2713310,161734,5834
-C-LJUD2LWU,113,53,34,90445,4673,80
yAZwhN-WKGg,28,29,47,74611,213,107
GmSUlGEd_A0,7,4,0,4992,91,1
rFaoaCJ1R8o,2,0,2,2877,0,0
-Egtbs-go4Q,25,57,18,218853,9184,164
9chSjcOM5og,91,229,80,573104,2276,1362
b7xndvitLa8,157,96,47,378842,25785,330
wWK5W1b17uw,52,121,27,1259503,38030,1178
tz_DWyuvX4s,12,8,2,5302,69,0
erjqKQaXgsw,127,121,52,2264871,39257,1240
sOfbbmUh8CA,107,227,66,822391,3458,286
5otKiSs3AeY,93,91,9,94226,2757,105
eM_FR7I2Ttw,108,73,19,3739579,205486,3247
wB5Hek7Z2b8,81,77,42,1867487,50107,5295
pU4uLAI48eY,135,140,25,1452069,112698,1713
BalEqNEEv2M,36,36,28,1828022,31009,2608
pkWafXW55eA,69,44,24,48183,590,22
LVPIM06bMJo,219,149,32,1005667,34794,651
LnuUkfwqz3c,14,27,19,250873,110,14
0Pz7DnHikLU,69,194,37,658791,61508,495
vrcG-SckgJk,42,101,57,369109,2149,523
hjGsGtihBpc,49,40,11,262396,2914,94
8d2Xw8BaoG8,104,123,73,1890692,85426,29051
hR1nU9IJsoM,194,71,35,620160,40584,244
4F2KWDQQMhY,338,139,23,950155,86352,173
V-_HM2bRa0E,127,62,11,162006,6706,112
jjb77v3LX_s,50,215,35,625119,13125,438
Vh2WX2JNIFo,98,140,62,2034052,136840,2222
xGuGjvIfof8,169,248,83,1298490,49758,1907
Mp_u8KvKg9I,38,42,20,28347,1063,45
UJKl7ToDi20,6,0,0,16366,70,0
HYWiIWpcCIM,325,109,66,552557,21770,1879
TdH_NL35Nbw,199,329,72,999611,15226,253
SMinvx9EkPs,66,33,4,646274,2878,35
c8xGJju2x20,33,145,43,130142,224,448
ruRvc4huFkE,129,247,24,438006,33843,468
L00YWl8StuI,104,158,38,979336,26131,3452
Rg_Msa0CAqk,155,254,91,11804704,468080,17102
-3AGlBYyLjo,0,2,2,2143,16,2
lQX0jvVQywQ,273,248,79,1452202,143750,984
hhREiAarjVY,76,101,23,5641854,286766,2401
4An2AF2rWGk,23,16,1,71158,975,12
oits7sq4nX0,189,217,94,671354,45294,542
rKOaloQ5rnA,17,12,6,17274,415,68
DBxTCFDo0WM,28,28,28,141448,945,149
GBWMwbDxcO0,45,45,10,190454,8103,36
AApylcoF9jA,204,342,54,2111716,5036,876
Alp_a88C8dY,60,89,51,2669521,40117,2004
H_A0Z4S30Ds,42,50,8,433708,24188,712
OWRufUWhSwM,68,57,21,213508,1351,276
7Y-U9NN6-N4,74,279,47,6043535,201592,7025
OlIeFVVXRpc,54,62,84,441327,4068,3144
XfiXby489Rk,60,32,5,17091,747,9
8vb8E7QTSCU,15,31,8,26827,468,12
AZDiPT4PuHE,39,153,8,872811,41429,508
CWvmvCewANI,40,26,34,85284,1866,3093
pSMCldcVGgA,234,111,7,159278,6970,123
C25qzDhGLx8,79,77,44,3331172,168057,12700
U2CqZNd6rgM,41,58,1,2384595,50009,1918
z1g7n0QZvvE,12,7,5,102462,527,27
nJSrCX1U1hg,84,156,60,1340378,50956,1970
wOjjdttsHy4,22,13,6,34161,792,11
NJ2asQtT014,157,238,204,9844596,55756,51010
0d6eJcWYqBc,77,18,5,48507,2464,16
0VfGA5bE1AQ,136,224,40,7936395,680765,3337
KGb5yAdkcFw,171,247,82,5683275,312158,3469
HPRQwI5uvBM,50,169,94,134511,354,943
-bQUBzPZHHQ,210,274,116,1438321,9948,2323
nZtpLKCoUWg,202,92,106,892794,47558,6490
WIWlRbpO9RU,53,113,34,188607,4307,882
_Jn3urgf7zg,39,35,26,191262,2517,219
YQYslaA1Lus,89,75,36,796039,33085,928
W7DErx-Yg9g,284,103,13,283689,19125,383
7V1J_MDi9Lg,183,265,52,3526292,130718,1462
Q3Rq-irFn1w,147,110,43,918673,41044,667
4xbFVdoRzLQ,127,169,104,1438907,50918,1406
4WNHB8vROg4,264,142,94,1138471,6475,164
CwLGro-dFWg,287,318,95,16131198,1071672,7285
4Sk4n2ggxRI,64,49,20,198327,1576,86
JoNj0KDuDR8,132,138,30,4321267,199114,9506
u2SwpuwU0NM,19,52,29,899262,906,707
Xx7sxWI9FNI,227,277,96,3754902,112347,8471
cCqS5X_zu-g,105,149,139,1626873,5417,5079
P9zl2o3zYkQ,78,159,63,2309131,15384,1084
zeZRNG-jVyI,44,227,29,1916921,112950,1961
aZkqHx5uri4,112,74,14,1094483,45972,1920
XovZ04gmQgE,52,43,5,316616,10084,104
HcNcOnIkQQU,228,160,12,3882392,356577,2208
Uc32z-wgxU4,216,230,54,8716303,258281,1825
bU7u_MhVvvo,66,75,37,187653,3045,427
AOQZNHueNQQ,110,276,9,187306,6019,80
-p6WWRarjNs,93,74,33,1337659,38768,1555
y8fZDZHSl7Q,239,101,34,129730,5751,212
JV-4Ehv1SFI,24,62,14,1168522,26082,644
ZagQci5qTSM,26,68,6,659531,32465,808
xKXxJcf6_IE,76,73,51,613082,9792,88
qtfMzdqifF0,157,259,84,10856831,863325,29541
kFx0h3YDXz0,91,87,22,134758,7002,60
_VSVLmBO7yI,0,4,0,3375,63,0
Z6_0dJkjFAM,72,93,35,1865164,7768,1069
Gv618mscv2I,13,49,8,20370,1075,101
_NlKTMvnjIc,50,112,38,3543751,16105,4251
uAipi4V5g34,22,14,5,26923,410,6
VCVjbrt30tY,42,48,10,3998451,291383,11624
9dobJDxPEzM,174,185,41,506855,63826,584
Z4QcwsEbKyo,222,136,142,1718290,12831,2255
IKaMejA5J34,109,76,15,250617,15484,429
H4_o4thCQpY,122,216,160,362065,5164,1018
YLM2gl8RGj0,126,131,43,3360094,184900,4654
R7y6fm0XTpg,180,272,48,2031592,46136,2049
KQWzIETlBw8,49,63,55,60239,280,775
YjtRY28Pe2o,203,46,39,145637,13608,68
IDXBKvaoXHc,40,83,75,883734,18651,947
xTyTQgb-y-A,363,155,50,1571661,26061,575
GGHIOGtHjYg,42,48,10,1888636,95438,7572
B7YaMkCl3XA,108,143,48,1182720,4664,860
zWxo4uZW-1I,108,82,10,500606,32820,474
tY0RWL9k1T8,16,14,8,33113,811,26
6lsPIlsbqsM,6,17,6,41801,283,41
wAcD3mIjZcc,186,194,20,1262510,69001,225
MRNqDbd2rdE,172,235,72,459291,3524,422
tfHCtgyT-oQ,139,123,38,599094,40452,524
RIz3klPET3o,123,64,13,1663216,66377,304
sRAp2MO6TUY,137,137,26,1009301,27305,799
iALfvFpcItE,197,317,182,4329046,136226,2405
LSYc5HvyXKo,256,121,23,733723,35639,680
kD6kOB8iCwk,6,12,0,31109,294,4
7D4-49pkEWY,155,182,55,426084,4557,272
aEcbuccnjLc,57,23,8,172454,1453,30
-QL9dvmddYs,62,336,2,2902921,147751,793
tp9aQXDFHbY,266,174,60,1135576,43349,847
IvQQJmWdtH8,256,134,10,203507,7801,72
px7dYqZPk6I,142,234,24,420815,52143,329
aTF84_CqzxQ,139,80,16,639204,9363,446
Ty7YYxfFRtA,233,242,25,1459566,79024,707
Miww9xXEj90,45,24,11,339053,460,26
cWIEF2Yc58w,233,239,120,636200,31858,1914
ezgtjMfgxos,10,16,5,103666,196,67
3la8bsi4P-c,98,138,64,1877036,77129,2620
tSwWCJHHTGc,46,34,20,99515,3249,74
bcouc6NW4aM,97,216,64,543869,4587,438
JtZo62mPEKM,176,278,44,5116496,64353,2951
FN5n87Gj0LM,271,170,159,4420039,171809,6609
SqUXhozARl4,29,94,14,854119,777,101
kKjY7wDxF2w,80,14,6,23874,1096,20
YicuZ0gYH_o,154,204,126,1341629,36123,1646
k5qKGNeRb68,0,5,0,10363,15,2
eVwafO-ytnk,6,3,0,13745,136,0
3WEvgqcP8mg,175,110,15,221643,17529,118
1-mNxzvJSaQ,74,85,41,113512,1753,86
4KAfi8-2tVg,51,164,34,171642,727,86
8F_eHiMYQjg,4,9,0,55523,278,4
DuWf6MTOAz0,18,30,5,70225,935,11
mSYEzJ7LM54,68,315,17,2111327,35713,1223
F-qdRPUC_Yw,48,33,19,689414,9526,504
S9vVoJV_YB8,8,22,2,19682,398,31
H0bVlfJsR4Q,118,362,20,4559701,115745,4848
kRW3Y-rgaOs,94,230,76,2646094,77802,977
RsYU2f3Q6kI,6,7,0,5520,89,2
Vjc459T6wX8,100,175,25,277835,16107,52
IDvy0ybpOUI,84,64,52,329649,13226,337
EwujR1ARsog,2,4,0,441051,583,160
iX6ScurPhCo,79,48,72,414057,5508,1543
56kiI-JKSdY,152,88,60,547289,43658,610
aiXo6WyhCJs,183,145,72,267537,11108,198
gGILiLTenR8,114,293,93,20499056,538972,39923
XM23h-eJ08A,102,287,11,39437072,1456464,26009
BDw7rRaZ6GM,79,54,17,43629,2485,31
e4HRUcyMvZY,17,56,8,247737,853,33
50JL8DEeeS4,184,292,61,613110,24897,889
ZczwzVhai9E,101,480,118,13995114,525203,17064
K1ZzzMiZGDI,76,46,20,184518,3175,171
Z5ijKVGjsh4,68,104,18,119039,4267,178
WoPtuVbaSKQ,72,115,13,1114306,63371,673
iXexmZm3_j8,72,106,22,14476217,322963,6819
kCKTmL5Hn-M,45,127,28,15384080,102019,39616
p_P9J97ELlg,263,109,28,1068712,55846,2568
bAdqazixuRY,193,76,31,498333,20432,141
5CHJbMnLPKw,136,98,66,191770,3547,425
tbDr_zAcM5g,0,2,0,14945,166,12
3GOjf9ZGnIQ,23,39,8,26578,662,50
y_v-3_sPsRM,165,272,63,7861772,353074,10713
4MEv1k9aQXA,57,114,57,102580,747,168
CrwmpuwLBiI,147,140,113,483458,25583,1887
eP_LYrgztRI,66,26,8,219516,19077,208
b-3YW03RR0I,111,73,16,261449,19929,121
eMgmJEaYs70,227,142,31,1449785,49554,1441
EbthMC6spAE,243,209,48,1771719,84119,3236
HFXwHcFyU_M,0,3,0,2831,32,3
lw-Xu7ZLD3w,88,154,58,7696527,151966,6501
88IdVnUESJw,156,156,88,2792697,30019,1643
ob4tFhgAecw,0,4,0,78566,63,0
kbvS-aeEi-8,71,116,13,146377,6598,143
akGWOpcWfrQ,120,194,47,5169239,16590,731
Lp2TXZ3wzjs,395,175,25,679510,22745,359
3VSa-oARk-w,4,14,1,24075,189,2
7wwTAo01AKs,74,101,125,166799,863,1498
WQyiY5qC_us,214,97,89,186048,4616,569
rBs4AGCR3yU,2,0,1,4751,13,0
iKwMtBR68pc,4,58,8,23032,1338,0
wXGewTs-e-I,55,40,5,394898,10419,188
ntw32kYDryM,2,0,1,9038,66,4
ppGCbh8ggUs,107,62,31,765618,37728,621
-1fzGnFwz9M,49,36,15,189414,7070,112
IYvEhgYy35I,244,327,29,1072544,35147,604
TPnuT2TLvLQ,90,135,11,549917,3585,190
WpddITk3bK8,209,232,59,1391489,32886,724
T-IXvsQuogs,82,186,32,681613,21870,318
YF6dNlhXaJ0,38,47,15,279743,3913,232
R3dQpGJQI18,203,163,34,141299,14805,24
thD6TNUoyIk,299,235,66,1821926,57853,3195
e2jMJV6UHWU,195,190,15,1187163,72895,485
2LkEa-JV9Kc,37,41,22,508618,17652,468
2QA57665QM0,189,275,36,924064,58684,661
Z-zdIGxOJ4M,45,38,17,109163,5175,34
cWL4eiCR8FM,31,57,12,862970,44671,569
eRDxDEhEgNY,95,72,33,985696,11720,314
MdBu21i9aEE,329,302,69,599692,19547,667
bgc2rSzKA3w,14,44,37,162993,618,415
Lv3Uy2rjgCE,338,211,45,318879,10677,187
76WkDuiAjeY,138,336,26,2612830,120372,1252
q0B8k3UPZNc,211,236,53,13777606,509170,23777
H7H0ZWwWKCw,153,285,62,5507815,229125,7656
XIQW-1JQDMA,115,143,42,403535,22604,219
RA9gg4qBb30,219,222,119,168791,2409,1492
MdzGZv3zQ-U,95,71,34,1713823,53306,831
uV002CSNDac,118,238,44,2901317,96366,1775
7Z14Rc1vR7U,0,1,2,20416,42,2
GlWaXiJVwYI,97,77,26,1430360,25930,1741
rUkHLs9RHP0,164,56,80,147472,7325,201
VsXu80J31uc,93,225,82,1514889,58103,912
k1vE_LVBx4s,103,55,42,1181863,40358,9535
a-9IZz8Ry5I,223,215,62,8354226,309077,6682
ThPzNokG5uE,32,63,5,262878,7594,62
IZ5izPbcgG4,78,93,29,3187347,103762,1378
nGM76g5Hvfg,17,47,36,347111,5998,3619
Tm8LGxTLtQk,239,299,62,34762025,3171595,28761
JPTB93NS_8M,171,216,13,142108,7480,96
9QdaNUrq1EQ,72,81,47,1079782,18267,797
mC1qPDqV6hM,165,256,77,2190828,44308,4777
DprHLyvhbSg,167,255,78,12697164,411335,11206
roiPLImXMoc,339,121,40,242152,12924,112
T6iLJTy6LNQ,119,224,57,371340,33138,176
PGfSaVDymjk,23,59,18,2114219,77679,1874
DZHAB3PGlfU,195,176,74,318081,4037,1056
lIY6zFL95hE,78,93,29,7848633,225393,2964
kIssu4XLg00,189,241,70,1133215,57312,1498
tmGMd2bqh6o,121,127,52,2063108,109998,2001
6v3BWoddSgk,161,261,78,12000470,884676,5140
6eHExt8C0qw,82,114,57,2156460,2067,661
5Vd10gwNJRs,167,75,16,1293196,6345,67
TYR_7CeO39E,246,301,52,9551339,227971,5426
CwfoyVa980U,122,137,41,15410476,1144848,11886
VGBZ2YfVx1Y,168,268,63,7193075,1030048,6765
1kVLpFilePw,43,46,11,734401,61972,423
LtJ60u7SUSw,61,100,23,1405210,1215,36
oSV39tYy3Xg,3,2,6,44549,28,0
PNPMEQm_vAI,57,327,16,2444303,94894,1552
2iObySa91b0,174,209,116,12797004,350429,9912
kB1hCteyEew,29,63,8,137104,4813,81
Ef93WmlEho0,240,257,103,8780010,255494,6413
exuhr8R2AHw,81,177,113,88580,1224,91
thUp8jTeJ9Q,132,132,36,4157830,114548,7309
lwOQbMcXtfU,39,135,26,2573258,5405,1008
H7ojygIbMYk,187,154,49,796329,8025,181
S-a8NVEUO4E,2,0,0,11150,101,0
8ndhidEmUbI,257,247,195,47226015,380595,101171
XSCneVakGGk,120,82,98,3896216,6268,220
c0FjpqLfGN8,83,148,69,716682,8221,325
O2pyRDQgVjk,161,169,70,1451785,57621,1172
M7XdnYiQKjQ,291,89,20,885640,38740,331
Du2iFOoTaE0,74,51,75,70463,874,283
F1DxLQbx_bU,111,71,10,99741,7402,64
3fILUAGw2mE,200,228,72,6232130,263629,10863
ljXSjIph5ZM,207,151,42,14275401,1591373,5522
vsEhQOREmrE,123,135,42,179910,22533,143
EYi1YUNOguk,35,26,39,894404,27774,1594
BdTpRsW4azY,100,96,3,267075,30967,75
nMSq9CTPMD8,34,51,15,134602,1460,57
qbD_9zymEP0,53,64,14,106902,1302,19
ykvX-E1nuag,90,81,29,350928,18475,332
wfZGngrCpys,118,334,48,2320357,202586,2649
RJuqdTXhDX4,179,196,125,17924200,321556,32458
RsCsBqIlnHw,318,156,26,1302428,72753,1071
XIUGqfTkaWk,206,169,25,700558,41317,699
xcaeyJTx4Co,203,246,51,24033737,499109,28885
VRX84VjIQVw,20,11,3,4140,185,3
xwNJA9qCCwo,44,25,13,140694,614,28
A2cRZL70C0w,112,136,52,9623234,102338,16213
L_vQW3xQEhc,128,137,35,742162,9848,73
LunHybOKIjU,241,352,207,200955871,6157501,1086664
lOSt_GdaS0s,122,146,32,600989,22232,400
xbBMVa2A68s,219,203,78,1786467,104399,3368
rtL5oMyBHPs,139,216,45,3855508,121180,5797
WHvT-oGf6ik,153,110,37,8693168,1018464,30429
qFltpuZJAns,39,41,20,860317,67153,613
mv4MRmwXJMM,37,59,4,1249946,57826,708
-tCu0tKrzhc,49,37,14,113400,1049,20
A-fofQ9VpPQ,39,42,18,349856,4403,140
_zl2GV89_GM,4,2,0,7045,84,0
2jtDZXbN-_c,64,42,24,72501,1052,63
25Qq8k7V83g,15,21,6,49407,679,13
V_liC4y7alU,113,152,35,1121734,38858,1936
wHSJljq_41I,99,89,12,253730,39993,190
GTbPlfRS_c4,33,50,17,1803613,36000,1134
4VgnTrbaQWs,133,146,21,202235,13691,88
9VQh4wJ76Dc,26,22,7,21649,724,22
nAau-s-NvVw,44,50,6,108839,3572,48
xBU77C4cpTk,338,203,58,5337333,215517,12265
TQKWC37ful4,37,139,45,260009,1920,993
PUlfvXaISvc,36,29,0,253770,1016,5
giIP0XdT7SA,87,72,41,3180203,61907,3735
fSkTpKa5gbo,136,107,57,874258,27137,1283
m59HKBUi3cY,181,174,45,759295,23559,1511
H0okA2gPt_Q,165,148,87,4744963,50475,1861
bZbI9rmpaEw,44,49,7,1226940,90350,1721
1z3cp_Mh8bA,161,165,18,4211157,22693,934
cIsewG2g-1g,52,42,6,222328,9275,138
_Pom2EYv3NM,283,202,15,282279,15958,84
Mw5T62dJzhQ,77,102,21,603680,22132,461
gLj21uNEzqA,195,181,24,4358039,327973,1863
p-305IQw6-I,194,164,42,6004050,483373,6606
X_PZvUM8P_U,111,129,160,774520,17539,1182
WU_Bbaki3f0,91,63,27,117686,1595,135
dRX0wDNK6S4,352,218,30,5677717,204441,4405
470TG3AdA1A,106,116,51,2564699,4455,378
nRGz2md8l28,175,253,72,7683246,231898,6241
9y62mZn0LXQ,121,323,55,5964149,439571,10733
0pwttmAYCTw,181,193,26,2941133,155543,1484
VQTyRVBkeIw,76,141,83,935681,34478,932
tf57O2T-TBM,18,12,8,70577,182,18
scQBjsQNgVQ,204,159,37,678822,93344,2465
Rxz8TnJT1kE,4,34,30,26387,59,278
c5RsAXsZvI8,0,1,0,4962,8,0
S5Esa9L4nvE,149,277,74,6225801,334866,2708
cqpg9IJ0jbg,62,32,16,91088,1743,246
c_9iv9HwO5Q,146,118,36,334199,11674,185
YpyohRt1meM,98,62,12,519965,2043,159
GjJC5e4VpDY,9,11,3,15598,141,0
Hx9Juyi_uAw,17,26,16,23669,98,30
5Xe0Qd6bUFo,262,331,106,26572024,554985,10760
BY3SLVNBkeo,252,170,78,469112,23831,309
FNh2ZsQkNus,233,210,57,350250,22566,1016
YYmlI7yT9cg,92,195,13,1503430,32793,1090
41dUEWlH1Ks,17,43,40,642280,7943,432
QKy1OazdMD0,69,83,40,829051,1807,233
8RlChzDl1Tw,235,123,42,1257262,204190,3190
A-sDCUXML2E,15,29,2,194368,506,58
xGqMGGn3Sko,26,47,27,114206,605,887
bu9e410C__I,212,365,121,41359611,247677,38044
cmSphKD18uo,176,298,26,17404958,784599,8395
4hqqFqcr1K8,78,100,22,4574155,335466,5004
3x-sUsazQ90,107,77,16,796611,23947,921
R6ja9qNmOaM,133,149,118,1392774,18658,717
ZBo1S6YZXa0,256,103,41,3581123,185449,11275
JgYfZAjOgEM,112,71,17,1018205,114256,393
8ZRCdfaAIy0,237,188,75,12272722,643616,128498
mrTHfBCduRA,111,126,63,1047309,35749,447
7GmcH_Lmkvw,126,55,6,150911,3708,96
u8f6k9vjl-A,119,56,24,98679,6705,126
GttcbM4GxLo,207,173,20,2214684,97759,2463
ktc8XDBq93k,60,231,8,23508640,2276480,20923
nqnkBdExjws,291,179,30,405052,30851,3591
pmLk6d33VpY,180,246,59,1370202,18254,791
Q0gTpASrRpI,164,206,121,651403,4622,753
v9ERab8P6Io,60,115,25,212501,8212,133
bAon04ZJhHE,102,136,62,893971,15745,742
TDskW3JvTAY,11,82,7,277903,13343,212
7Ag2oDIeLvo,0,4,0,3461,30,0
FSOxXsYVJMQ,143,337,20,46602125,3772742,41293
RkBEEiG-wd4,99,193,108,6536145,56713,11461
nft99BbsKwU,21,9,6,480033,199,27
f4t5gCs8sUA,20,24,4,133178,459,142
qbRKHpE-30Y,68,222,110,3396965,47377,952
-PQBaYuvujw,37,88,75,1451822,37173,908
zuKX0fPlo2Q,2,0,0,4186,10,0
fBR-MFpVKuc,188,229,83,2094817,57390,948
jiRAinnkfwI,4,4,0,49286,7,0
0ceNfXrccbQ,82,98,92,1613580,4525,146
lLOEu9p80rE,243,190,61,241879,12804,580
ksdAs4LBRq8,85,103,12,992816,40404,737
qPDZZj6By3Y,55,108,37,343958,6795,224
Zr22PtGd1So,125,191,79,1696245,16845,1754
iwm5-I9Ay8M,72,94,34,409789,7399,105
s51nDk3bEOg,1,1,0,12678,22,14
M_FP7x322cc,31,15,6,115688,1695,31
ZB_g0QnYMkM,6,9,3,104982,5474,63
CNwYcyRAl1Y,223,295,82,5237806,249382,4641
qEp3rwe3KmI,22,42,4,38025,923,14
Z28FY82ERmA,125,201,31,342158,9657,384
sjlHnJvXdQs,277,403,120,18195451,1006991,10530
_GC5AVsf528,88,88,24,195958,13199,122
z5eG8fD-hQw,175,173,250,710521,12871,1708
C9LMDZTg17Y,53,43,4,26054,1607,44
Ah3V4S15Lyc,62,100,38,287278,4631,380
wBjAmThxDpA,2,0,0,23520,26,0
nL9bZbv2aXY,256,128,16,925031,56586,527
lduyitPDQjY,101,42,57,295653,5656,409
oh37J6qROrQ,194,154,52,810163,33772,828
IRdrt8nPyy8,178,252,70,3580540,48692,2282
fhYYdeAC3BI,102,201,197,4055129,27585,8203
h2K_SWpQtb4,199,133,68,263018,3829,86
8oyf8Ecwo-Y,144,222,79,3350610,5968,263
5PJWCe92K1E,58,104,38,7048321,362582,5306
1nEp6DcHwhs,93,69,38,50720,5198,118
0Yhaei1S5oQ,66,87,47,602905,22120,299
a6sywFdvURE,87,50,63,345184,916,171
FZrrfGfI3uM,148,192,60,11208575,226987,8047
cvaVRlWltD4,41,145,14,1224459,74854,534
5DDB6YnVCoA,185,108,0,112191,6772,66
ODssdet9XJ4,123,138,39,802027,13679,615
7Hf1sDPY85A,86,137,77,619723,7398,1753
8QKP7LXWlHk,153,99,48,587622,28353,282
i915IbJ5l_I,76,95,29,147431,6719,180
MHMdv2D7ndc,226,219,55,1217804,125353,662
i3-Nf3cxlmg,139,333,112,2901595,15077,4918
K-zip2qToVY,4,4,2,34272,175,4
3QtHD3-N5nI,181,163,56,2668547,153162,951
L6wODNHi4qE,4,25,0,26603,228,12
Z8aN5L-oDOw,173,184,43,3428755,569144,2290
5DG26XDPpB8,115,70,15,159897,8417,69
Z9svINZiBdU,251,132,17,2117349,114836,1181
XPqko6Q0lpE,180,244,176,5907830,44989,6443
H1--Pifm05Q,88,160,52,1655028,23237,2535
X0I7RRaahiM,185,103,12,337698,17583,191
_StIv9i6as4,145,141,14,328871,34553,157
9XgflsmKnK0,133,140,27,4162828,126951,840
nQwolVLD1MM,134,324,42,1484235,50881,776
T2rqOvijMBk,217,145,38,518476,18398,182
idVu_7JcNo4,20,28,4,77238,1624,104
oePt4JgdyZo,68,90,42,336457,6833,600
bF5sIEuv83k,107,82,11,1754647,41672,1783
kz7-ZKcyBBE,169,197,34,173428,10605,95
lJj66BCiZWQ,3,0,0,17978,55,1
wOskfnnbkdw,150,208,38,1395521,21739,990
lCZCWjzQUM8,33,34,33,788443,20211,5358
k9VmfRBkUuM,72,157,27,390087,2144,318
kKJZqKxpZoE,192,134,74,337272,9553,476
JuYYsmQ2ulI,26,43,31,1401785,62036,680
bUUt0v4ziG4,63,70,90,74181,124,616
mYphOR0Jegw,106,72,22,423233,26214,427
sa3G0vBlucg,165,85,18,75975,5692,30
MNst7laHZGg,45,25,30,38242,244,96
D1IBXE2G6zw,209,341,50,13100774,480074,14352
y4D1KtVetKM,90,364,46,32214036,2836176,30613
mPw8v7Zix5c,28,16,1,33958,538,46
WPlx5BmZVkQ,90,88,22,3084531,336937,4056
NGPK44en2ME,16,182,2,2369312,246753,3380
6z-X4r5JkyI,238,201,61,12121586,858785,4468
ZT1JsE_YbFs,170,304,26,3020126,123729,1794
Iuc0O_Ryq18,237,41,22,167766,8506,56
mkrTKyhONJ4,249,255,96,1690658,22430,9684
iB9YvFfTkuM,67,71,37,640958,1655,193
I1XJEhgJlKQ,155,196,49,1922533,80944,2926
R8NeB10INDo,102,73,25,985560,40545,351
iZFWRi3npiA,53,140,118,600817,591,2061
bpDylTwwunc,269,184,47,3680137,210966,2984
nrzbCPOcIJk,157,185,58,10089013,491418,6418
b7tp_AvS2aA,26,47,27,171548,6548,1013
Hhg7Cv50SWY,23,28,21,99661,663,79
xEqCt7GZo7M,146,130,24,522844,21924,252
TImAMCQbwJo,21,76,17,120728,1449,82
HMT3wb4h234,137,45,18,236313,7213,178
x2btprEvdgg,34,32,34,28917,288,148
tl6w1-IlyDs,254,198,48,14222835,804801,6313
b3NRvrmKeMA,54,32,14,231248,9484,150
Kl-IJigAG8A,198,328,74,26042992,1967081,45615
cVgQV6v_QKY,96,82,22,1416826,98128,1994
Jz3E_CCaAXo,13,7,2,69526,615,25
vugXtE96XuY,179,263,58,16474121,591817,25283
zJqnpoJPDMM,94,173,33,14044950,486661,10960
xtsLwr9Ok7s,27,49,24,1309013,22548,3783
-Ifnaxi2LQg,255,330,115,15405891,630026,46060
xo2B67vz4HA,36,43,21,626600,20553,1033
4gKhm09PKPQ,158,176,66,1753173,53902,1394
qLzIaAYFhNs,10,28,10,55211,239,44
hEdvvTF5js4,152,185,63,5621985,288818,2827
etOa8-pFow4,88,117,94,1127845,3362,20663
XYURnv4Ld2M,60,35,5,39435,2607,53
eS8Wkk7APZA,5,6,0,180812,74,15
rOxL6UaZqw4,86,73,41,411939,13301,232
nceSvKBjp5g,103,155,83,244841,2186,397
EWng8GQ49Fg,67,108,25,445799,22860,765
KFUIVfKTeVg,71,161,67,2615313,12495,5362
WJfeapsCnPI,105,258,137,1193556,5817,454
qznElIkZ1hc,93,153,54,1780959,22523,898
v90yrcg6q9I,192,210,98,554966,3074,888
cyN6GMY78D4,216,236,48,512249,54595,202
q3br7KKr67o,199,186,15,281378,16517,266
CItEtnp3nPY,28,73,20,1532012,2241,120
5NX-U36VDis,125,317,58,3671279,134534,6456
iIOkX77kT8M,41,50,9,182244,3502,127
t8sgy0faXyg,330,217,153,3835611,31002,2153
0uUFf8IomLg,15,25,1,54303,666,17
1wwwXCQyIRA,371,102,25,686805,27053,877
miNpG98Hv1w,42,74,13,158086,4885,82
Tx1sqYc3qas,66,121,13,4058614,279873,3203
RIGgn1s3AvI,175,189,36,353436,26004,450
1kHmFjHzR-s,308,63,29,641718,31312,898
3VVnY86ulA8,160,108,32,401154,17653,839
ORmSlRu8vvQ,85,113,128,864116,356,534
nj0CoMTpcUs,190,192,18,484779,30681,121
Fzt75I_Zi14,2,1,0,3034,25,0
A0lYm7Qsbak,281,253,66,5270223,203346,5960
LTsSGSi9mqo,149,229,22,5039503,153996,4058
twerGCoDt04,19,23,1,141915,2275,22
RbXYadQw1C4,237,46,17,166357,12008,69
I4qv0c2-lfw,142,194,64,234222,2270,194
Qg7YzqCRoZ0,175,185,40,860739,36626,1343
SejINXtIWac,17,22,10,288058,1694,118
r1f8hd4yh0c,52,125,22,3793085,128248,3116
XAA8LOWEY9Y,54,64,41,29395,428,148
K9Qn3Gzm2ig,124,62,4,132892,5730,232
R00hChXPBE8,104,186,110,1091608,18757,760
0s8oYNL1M-A,114,148,38,288750,10008,165
yWatz9TAgT0,234,49,17,96529,4196,107
dJ_p4Z_yVpM,199,231,59,547734,6429,143
r30snlzbYaY,200,167,33,738830,41633,1111
mPjgRKW_Jmk,211,210,178,21403614,419068,15326
xlu6i6lT_vk,187,336,76,2360530,80390,2167
qZVm-2nM0sA,97,90,13,926873,32753,524
6Vb6Z9i5sHs,57,233,110,1019500,2642,359
DGIZXFa3Zkw,66,130,50,347622,1327,485
Y2GVVC_cD_E,196,338,66,21903951,761644,13659
JcI8yn7xQWo,30,48,22,644185,22987,696
Q0O_5lVrMfs,97,176,27,4067675,63733,1817
cmznoInjg1U,161,167,72,313593,21886,786
g4xW9aCg2zY,172,170,58,12526083,318622,16523
srWtQnseRyE,37,35,28,513389,10123,195
W-8nCyXm03E,123,424,53,4689493,48765,20843
gOsM-DYAEhY,210,253,37,45113676,2715103,21465
8QgMh02JvS8,63,99,38,783956,24320,921
vS_NlXmPB3I,258,115,27,1169621,94223,1389
nvAhI3ZjnjU,215,242,43,4468625,70382,2601
G_wmoWfZQAM,303,163,34,3253303,168776,3124
odhMmAPDc54,195,372,133,6512407,243364,8218
aircAruvnKk,123,66,11,401997,27693,117
D1KpuWg2hc0,9,4,1,7563,344,1
N_zDcuX1Y54,267,192,41,10524952,466312,12604
oSRXEHsORZo,185,275,40,7122598,256761,5996
tOzbDh45Z7M,12,12,2,16768,348,19
0PKthlZtLDo,117,171,212,2358759,25124,3941
KCNvREKTnQc,233,290,167,20741577,145570,6346
Xtqr1C6eDmY,178,229,93,7189254,236517,3126
mQwnQS25xpE,50,39,11,246394,2986,94
rFFo-0v_vi4,180,199,20,216036,9823,176
y5lIKZoN1_0,10,21,0,259749,89,5
2eAuJIGlp9I,145,131,124,5263886,61604,10588
NSFXDaMFUN4,66,181,39,866499,430,470
Zwq8UlsT1Tw,1,4,0,3640,52,5
XswVWE0Jq84,64,40,8,47394,1413,65
ge0fLnC_WNc,26,41,33,119114,568,937
0lDRz8qmXpE,140,109,51,1133375,64063,5829
5GNcAkpN9tA,31,44,25,83115,3669,50
08RHSZvixec,72,87,41,469898,30219,178
4LwpGaDKmZ8,91,77,32,10337403,370734,33910
kcTdfHXdRXo,137,294,69,2996743,76948,2097
6ErzVDwcla0,10,24,0,30893,494,64
UdHopftQD3A,206,182,12,979192,66975,497
Y5wOTID9JmY,249,247,85,1166056,24216,849
FlwK54Qun3Q,247,96,0,260652,11143,107
j9UGpBZz7WU,87,144,69,719241,5137,1189
6qCqrODw1nM,61,73,66,737023,11071,1658
lLN1FwiqGwc,233,190,77,5876128,264262,14141
4kmSATD25iY,208,326,63,844734,36959,2026
PKdKzs0xS9c,56,127,17,2827222,54980,2061
CcoBJ-dEjGg,94,91,64,170660,1013,165
wIml3h1rHVc,118,213,69,179214,9560,368
DyLE5nI6bXw,13,9,11,5551,103,114
MFoODeZfSD0,104,226,70,2022256,40935,4653
cfSIC8jwbQs,99,159,42,1761367,60070,557
ckWQt6cKCx8,96,85,19,424031,18239,210
pZUgK5EAOGk,209,160,30,955374,10873,291
4qxqtwNu7wg,127,254,19,1586814,94705,1361
XCWmONajkOg,191,188,21,1923123,154431,929
wHf01y69Ae4,289,228,83,2055780,56504,1802
KGQTkWJ5mU4,177,297,124,11503693,271925,16401
DjKEZbe4V9M,98,238,64,4673826,134898,8114
qvXXMsiQBDg,247,218,35,10202636,1215137,4912
-AJyaVduxCc,125,131,35,974703,5107,178
dtqlSPt4z20,99,328,73,782820,11266,320
2m65xSqUWaI,105,56,37,735427,3398,138
xtpM8cBES3k,93,94,13,1876102,86747,1915
WY9xOHquZrg,126,137,37,204869,12051,204
QpfgRpL1VVk,42,41,17,28770,1763,15
iGHDJ2_hsKE,229,226,45,1187133,18932,1511
y6B1uUpQM3E,38,51,11,449616,36385,222
oD2HCrT7_Gs,36,57,7,291099,12776,519
-Denciie5oA,95,138,67,5828472,42173,3473
GpAuCG6iUcA,34,116,50,14908975,55849,8185
pAsN4lSa7O0,107,68,25,3836441,50755,5761
fQxLlq7lxVM,117,81,2,820416,41338,1037
T2W7UocH0Hs,72,104,24,219469,7250,219
yIq-N7m0upU,206,335,59,8533373,496500,7535
UuOAs0IiEI0,257,170,73,1793100,111898,1660
DvbYf4eyGFI,85,93,22,1052359,49186,1326
YMLLK844QII,113,270,17,7352657,215572,7886
JhyTKIwar1k,146,201,53,11784493,519126,20447
C1i3ESnliMQ,26,54,20,470134,10131,359
txvKrTplOVs,212,240,148,7635401,198904,5614
pqSN7lsPs2k,188,261,51,1389983,74510,825
px1WIBaFseE,31,58,11,149498,4326,120
mcRHpJyn4B8,177,287,36,951051,56069,502
eFDfST838NM,37,20,10,18351,570,45
xLZoYh-aMm8,64,130,6,383586,18502,393
DlDozGvAUto,187,197,16,4042661,190713,1934
B2B0GMtowmU,2,281,0,3012471,3654,2754
BfxOimRxXvU,0,2,0,83413,41,1
oD7nZouNyDA,138,43,19,132292,7951,120
Pxojz6grwcU,57,102,41,572801,17873,311
ccLXx4DB8ZQ,165,140,95,920744,34598,21468
RlduVwzqK2o,251,131,18,1108735,50638,683
IRGEpm1AXRM,11,12,4,160876,203,7
K20YGjVkZRw,335,35,30,241161,14196,148
S_DltnHeJ-M,227,145,28,515550,42103,190
E6eRA8PnuW4,54,34,12,383480,23106,283
8PDnSzf_TV8,165,175,60,2427203,36554,2076
TH2QRvu97NI,147,124,29,1423728,65571,1053
zPGRU49esCU,109,69,22,156720,4471,446
iptgKv3iApI,66,84,45,58275,883,32
Sg3DfyDkln0,15,86,5,221749,400,48
OCCKNCvNbkc,181,268,51,16021564,923041,12668
L3O6LocRoTo,103,62,35,65885,1572,105
tSLjM6cZaTo,99,53,48,864124,11311,206
Ri4xPHGS5f8,100,152,145,206487,1220,658
IpJGlaxUUp8,14,10,7,31057,189,10
YlQYciVYhVA,30,57,9,1017961,1709,36
upd8nVJr7lc,108,79,73,366273,2734,377
PnaS9pQZqM0,26,63,11,525062,15690,458
fCh5TVGaTSg,44,46,42,183135,540,124
TV2HTSV3w40,192,246,62,1736261,96306,1098
Eat7nKj_30o,127,387,75,7112364,29951,12552
8z2RgsLSn-c,106,69,25,2784460,68024,1456
6l5P7jHUcjI,176,313,107,4982804,76930,6463
fM6JOfiAPgQ,217,74,9,217073,18247,354
AVr5wYZJv9M,23,19,26,7959,61,74
pTXLFFVSFhQ,153,294,41,850519,25826,704
CyUv2Z_RPnA,8,0,0,63758,148,0
fAuUd1HiWe4,67,114,19,7005119,457412,12570
bp6uJJJMaLs,95,69,36,134435,7593,335
6SaFJLHa-Vk,28,62,10,556461,27542,295
Cz3Coxi9D3E,118,115,15,129159,6976,68
GDIOfv643TM,88,250,58,4520374,262052,2367
_yt7xexSbfI,43,45,12,132896,530,42
XA_jAJ-dWyQ,166,208,26,2283524,176154,1290
wHrpTT1-fPg,282,176,42,5342293,259889,2658
IP81Je7APoQ,124,127,149,5185921,3585,17587
6u9LNN9HwC4,157,263,80,4451127,36371,2931
_JxZOcu8TYw,110,194,96,360565,16749,1594
2YGrrsKs-Xg,37,49,14,1287641,14600,1220
Koxzz7LDmEE,123,209,68,8308670,326770,6123
QAT8fXZI0b0,241,130,29,217783,16573,120
M1nSzaWFTDE,55,297,48,2477333,98157,3236
D6zUj1tKxiU,0,3,0,38463,25,0
R-wJEtDpKls,25,26,10,123343,1032,27
xmZ1ppujkXg,92,120,88,1767763,27766,892
OFzoFhRlEnY,66,131,103,4244156,5353,21251
2ytdOm28qCg,33,57,10,1404748,11436,791
CdHV7Uzw2E4,196,91,13,826234,51725,524
b1wlmTNERqE,155,127,18,333927,11237,183
Upqp21Dm5vg,91,90,19,1767833,96020,844
_SRNenu07Lw,4,10,1,34673,285,19
6x62O8A8qHw,140,212,48,4941761,19315,855
fWfKfX9hXqc,78,310,12,959327,43112,575
UaXgj3qG2XI,117,132,51,454862,18642,266
1k_whpRADOE,179,242,74,640558,7518,889
yCcghtLzNRw,2,1,0,3541,12,11
_4PLKxYZUPc,173,265,62,1072062,50440,1128
cABm1SlrtDY,185,293,22,491192,30513,575
O78Lpo4ctSE,190,193,17,1457167,119606,825
PJZOghDtOCM,6,10,7,19917,113,2
XlXBLvT9Vj0,34,49,17,494594,1757,222
0R7MQwmbiQc,124,229,46,8068782,565425,2324
p1WJ01Ij9AQ,80,94,26,5801869,531933,2881
mUDQvKtkMwE,174,163,62,3464469,45833,4172
Ybbii2XIavU,257,109,34,334151,14306,294
YqqJFqj5xQQ,75,94,132,57758,300,637
dDiCuZTjS18,252,204,42,558708,27578,598
2qiBTkVRp1U,219,226,55,1234184,65879,609
iBViC-fEdm0,27,58,15,1282764,57549,427
Z-ouLX8Q9UM,144,143,113,10109888,113748,61283
lO9d-AJai8Q,236,134,30,3579062,111158,1738
SF-psoWdSpo,111,243,46,1314479,49121,901
a9Zi-RhcOGs,172,110,18,613423,40264,684
sI6MZg0hkUk,83,87,29,230516,1670,214
9eea7_7OBZQ,22,48,29,2376166,4927,1709
J7MYJ8Kxhwc,230,302,68,5331531,297692,4658
SIyW-80e_v4,269,95,36,633639,36318,615
g9oCOSvYkWc,96,169,35,2948977,74112,2639
XKvXg2NlNZ4,31,62,7,477756,30678,207
1csaGKAjAvw,49,45,6,158497,11737,137
vSDCb3bdFlw,26,34,26,100692,502,54
2zISrf-7V3U,268,169,63,4652475,342554,4901
tlACd8CquRk,176,94,29,551521,7705,178
G_SjnHwxWMU,139,278,83,12654753,805449,26903
3uxsHmxQBHA,214,193,93,7534487,374185,6450
6IlVWeI_0yo,43,48,3,137041,695,159
pRnbzkMsgmM,80,122,98,3393400,7353,1396
QP6tdboJq70,46,43,11,1642455,49398,718
PmG4AYsPHfA,116,335,49,7121446,303686,1581
LGGi7IVl4Sc,9,11,15,37476,302,15
_F-vmhCq6uw,123,140,137,1644692,19639,4281
8I0pqPWfjWU,2,1,0,28613,105,13
F9IOTQ3q8Z4,36,51,12,776801,22694,331
iKYQN5xMRQg,124,218,158,1129328,2745,759
EmjMWi0MBXQ,42,41,12,456417,504,102
PHXkhUJWTXM,58,44,56,327328,430,139
QQVWMp_xgGg,216,250,234,4246116,19682,4691
ydbxmm88-As,171,104,25,125148,7310,173
5mgGrx8uaRQ,134,263,103,1742560,11178,6042
ktmcO3lVuPc,27,27,52,22058,183,141
9QZb-659ZfY,118,76,6,166765,11644,122
ALae1tWyTS8,12,13,4,51524,403,24
WMAtfhATTLg,177,197,26,2684614,184042,871
vxl7glJMKOQ,30,12,0,66306,518,34
-CEuQhqNzz4,64,162,8,342188,1184,77
QC-cMv0e3Dc,203,183,114,3457311,153864,3428
Ln4gDwbtKMw,4,7,1,3407,135,0
87r1IvEI51c,4,26,6,110391,203,34
yJZh9NWdXrE,181,188,31,547698,28440,314
QJVlhvyLmPw,30,7,2,73871,805,6
tfZvSS_f254,132,129,38,3828746,252214,7090
a2VRtAFqb4U,124,121,55,386491,4704,834
5CZAmbA4SfU,108,224,67,711376,20092,209
OTeIy9tPXpw,33,35,2,65922,1186,104
8VzoqU5IQT4,18,17,6,142699,530,72
msWS8WxRsrY,176,264,60,4673902,371259,4060
Iv2lWZxzUj8,104,256,39,5776115,216522,5462
kAphgHhlteM,105,86,9,136042,6509,29
Q1eQw4ycgQM,46,83,14,821422,2147,34
PKv4LdN_JYs,164,151,185,726272,11801,13559
ZcTvrxwP6Is,216,137,145,1619514,14246,7728
cvk18vx-nrY,31,47,22,2112931,46057,2175
7e4vFMJmBIc,165,128,107,16483710,156565,37461
_dJbQayd4MQ,181,271,48,2269216,42016,2410
qXH1dVI8Jic,49,37,14,123176,8655,112
8RQDPwODja4,178,254,68,2967558,113725,4488
ORSMs7lZtdY,103,181,116,374875,877,303
zFnvAbX96gM,138,236,26,699116,78028,563
FyN_fIc0-VY,9,10,13,3042,20,21
--JinobXWPk,28,53,19,1319945,38949,533
cLdxuaxaQwc,264,301,234,54373045,4629066,357175
zJqk0iM96iE,105,230,65,406242,26528,1912
JvkLPE8efME,279,185,36,3711800,191713,4179
ao21eJgsF1w,134,285,81,6263139,98499,19128
7uOvL5eLpeE,272,216,11,193097,11020,117
h3M-3SrmDok,135,273,92,10959103,184713,8481
u5wIuTTYqzI,85,104,11,2170230,20832,296
DkWL232Vzao,233,237,23,309483,13714,412
KT0CE5GIjSA,187,178,35,374138,29581,136
X9A8BpKZhKs,14,31,4,64483,1206,19
c_weoC3HT6Q,95,168,37,2833942,15932,8101
zAXn-v9RdXo,5,2,2,17136,146,3
5kZi3J2S52E,82,93,25,461007,15842,94
EHC6sYfF4cg,169,249,82,7488389,171006,3557
o0Ddl1DI-go,190,87,23,985813,83239,967
JQAYFbcgf60,28,41,18,3170789,796,64
zHdJwBrT3WA,139,176,85,7514353,265507,20648
eImtYyuQCZ8,81,70,49,443606,16441,442
qJVOPnfywCk,233,115,52,367638,26388,216
BHMJ0LGZ5fA,18,21,9,54084,233,137
WStmFKp1x3g,142,260,98,630842,3173,8511
OlI8r3nNUVw,157,459,84,10354939,340454,5311
KZ6KpxURmks,99,152,49,221162,8577,77
GfqD5WqChUY,247,112,41,3768951,221409,2805
bCwjBUHEenQ,127,240,33,5015136,221971,3975
KdFTi2Z90AQ,19,16,4,42567,499,42
nivfxoep6Rs,301,222,77,13823581,840697,42451
5z3vPi7YhSA,5,13,10,26102,416,16
v0zIWuPHbAY,123,251,26,4768156,338626,3911
lIkbdfBAdZQ,30,33,6,94683,0,0
0g2lXo-ZnEk,120,242,38,4838099,135988,6047
5Zs_5VghD6U,193,173,33,7504683,57726,3365
n530GFrdPY8,249,108,25,516362,8774,247
NVvJ3t5eiTU,59,171,70,2051726,34925,607
njR5pdGCn-o,94,97,9,322269,22237,378
TrMTFvHDv2o,27,54,19,68153,3169,22
jc1_s2c32zs,37,59,4,498810,23650,301
NoxKH_v8b-8,47,118,35,8129266,87381,6851
RsG37JcEQNw,209,202,89,396973,10428,1714
uNseVux0CA4,204,228,64,2970585,292141,1075
7bdZn5MKugo,284,181,35,2081277,81720,3091
hwthovxn3zM,96,99,8,78922,2672,99
-uYWFqTPHd0,195,174,31,465095,24510,728
jY9xBAAa5fs,98,236,66,6204187,129685,7019
GSmUd7p3r34,98,58,17,58011,2241,70
9sjLzdix70w,159,172,168,1155456,5508,11246
Ama7Dc1EgLM,51,37,12,725411,25889,1104
K28Az3-gV7E,80,24,20,19938,1255,18
_bZlb62VVlw,296,181,123,2399642,49102,1969
RfG7VvIrk-c,2,29,17,152280,374,74
EuvVOA8uvsc,239,161,100,720146,23582,1669
0ptNpGfMRCg,180,327,92,11167815,281272,11809
R-4a_mQQTpc,200,250,50,4744920,20447,778
GSxeF68FRsk,46,31,23,331155,5667,3260
nIZb34JnFEw,176,257,63,753660,53960,499
VHG7mHKwQqA,194,180,125,2502421,41247,2203
8pB3tiuwFT4,35,51,14,151550,2813,87
wRe9jBoBwFY,44,61,11,47382,359,184
DeTu8xSGpEM,261,352,87,9168739,232923,9122
DGlYMJRwevI,25,62,13,1862718,21516,1960
XwW6ZWaQ4bs,55,36,9,4761358,50802,1128
IUkNNDg18mY,147,182,71,3091883,202187,3210
zrOHeEA14kQ,119,265,113,2306457,23125,5815
4NJYWgb6dQM,188,182,30,1029821,53947,1230
wmca2wWi1CM,118,193,89,9574837,25485,641
3zrZE68Qrrg,293,181,26,929557,45341,339
YF2DM84NDt4,180,200,20,393120,30121,281
ugWImY8VMzI,259,133,39,248741,14427,420
wQD1JvJZXdI,233,188,79,7668477,262645,6665
xIhTtzJ-mj4,45,39,16,181333,1683,60
iTUsiJh9PgE,232,139,29,879229,76218,765
439iY0844xI,245,196,59,2342918,85877,5781
rh8b-Ibzkfg,211,70,19,89510,7925,132
SpMhnqnbh0g,122,118,24,408455,3354,20
J_qs-CH715g,136,139,25,376208,34418,54
QtVL76gh09U,203,336,61,38001008,922903,29614
zgLtEob6X-Q,216,425,59,8814577,211090,6702
1ZNZY-gd3K0,88,86,126,14288806,272639,17953
0eKdNcP4xrM,334,298,68,6413374,271197,5035
JZDM1bLn7sM,111,72,17,726485,42328,458
bvim4rsNHkQ,322,295,82,14497859,425391,3584
FfRGxN2zeWU,263,209,28,8422888,147182,6038
9lzPw4EOqto,35,120,44,407743,6070,206
LnxSTShwDdQ,86,117,97,4410908,108332,6922
QlRWZuKPVoo,129,245,26,4541079,99225,5978
VSrEIdhrXB4,172,231,97,1953398,81136,3072
Uq0764L5kcY,38,20,24,347074,946,120
NMPnIn52KM0,8,7,4,4466,54,10
S0G5EloK3LE,177,131,92,459069,23944,504
AZTGeQ5msaU,53,34,21,342630,1727,119
BdV0dkx2oik,64,74,62,1327452,7960,1434
lv5uC6cfO5c,206,279,115,1168478,53700,1771
B8G8m08G_yo,152,281,67,698331,26504,940
Oz88_p125uM,0,2,0,253302,355,8
A9U5wK_boYM,121,63,16,171698,6945,41
PUzXPm2CEBU,113,107,72,388040,5238,353
KQ19fT4BQQU,2,0,0,8385,35,1
AX8-YzMKZhQ,55,34,11,13728070,468636,6597
qi2uOOAKJjY,203,84,13,541827,36549,423
tSRg5cFIxI0,150,44,6,110381,2178,18
-SiRV2kWIxg,14,23,0,25137,917,32
hw1RrmlrTtM,192,172,235,19533962,343082,50082
PnbKgdNUPlM,52,40,8,13057,2097,17
-_CmfnzbLFc,211,167,22,342466,4634,95
AzNIUMW_G8M,205,92,103,656388,36940,464
bB01zORIGkA,126,55,19,452337,15099,230
MTIzurDnEsk,195,143,62,373169,30904,1935
c7ymY8QEB2g,132,53,15,161370,13512,387
gzh6tcMsyoQ,277,116,41,195624,8467,124
veqMs7SQteY,38,46,16,242913,10385,325
h4JP6su_mio,62,123,15,96123,3152,88
8I8G5XQI9_w,188,91,21,141786,16895,99
ASRxQ6uiVuo,206,263,31,9444453,155768,3671
WSFJsq_jwMs,309,246,45,1323157,37228,405
oKzFGhlFqqE,258,216,221,16998432,233960,49815
xGd8KIXqPJY,170,364,65,8380316,344653,16555
JKZM1uTWBJw,61,14,6,103679,1182,58
i2kJUYeb1Kw,147,229,24,7837733,300607,6169
Zmi9iQp6944,397,52,51,117907,5513,86
cviyIIvBlto,4,0,1,3411,61,0
aepr6ynzeX4,140,133,27,5393384,313142,4397
41taYOq1kVY,344,200,56,11136197,416412,5340
T58NGMrUp0M,133,209,58,275726,7840,168
uLxuaQSBNe8,43,36,8,41485,356,159
zkIrbVycAeM,165,183,251,3577146,11331,30458
4CyvvCx6Us0,176,114,10,178796,16803,178
n8t9yJIKkvM,30,46,24,886790,28399,400
MxxxlutsKuI,43,31,34,51881,553,44
mjSwRwAqQA4,157,179,64,959838,48251,691
7YAAyUFL1GQ,267,353,79,10712661,643359,11007
t4QwhVt5Zk0,303,225,72,783851,13299,568
FPRTN_r9IyM,67,70,34,88663,2565,41
yTVysPsX5ns,18,67,15,294805,5247,185
HpxsQ1_UAec,0,33,9,54309,75,42
l7yxJDFvTRM,103,310,87,10693762,157629,12577
Xf4IYI9Gj7Y,116,72,12,463435,22785,519
b0O5JtyNqek,152,121,27,701865,34868,719
xR6d8V5oh0o,10,28,28,54024,533,26
j8i18Wiaq7Q,0,50,0,17542,145,95
rrZk9sSgRyQ,152,107,40,1288389,48328,507
pXFIMdJduvY,313,238,49,11741293,958662,16338
9k6S9v0FKzI,43,46,11,3661609,186226,2567
48dQekjzI6U,218,154,28,924840,42315,600
jXQitd7ahV4,249,223,27,1502410,128474,1367
MpblOsqweUk,143,132,25,813734,29731,269
9gBixJFcSJg,164,384,52,2823982,60035,6689
q066h0yUoRA,185,243,72,3970221,121972,18957
vVnJKV8aScc,156,108,12,209450,10448,117
hQbeB0YXLhs,230,61,9,10765668,380037,5578
ktl2mLsSq4o,65,110,25,1280894,61250,913
p7sooI96zPI,0,2,0,25017,78,0
CGN6QXv7sfs,137,258,104,1290516,14079,378
jII6DYV_yPQ,1,24,0,136457,397,12
ILDy6kYU-xQ,67,113,20,685393,29989,676
iwGP_FeheLM,123,330,47,17083132,999204,15729
MKMgoXEpO-E,124,58,18,2823966,186473,1614
yB9pN0H7saA,145,255,100,3625538,22129,2963
fwDZ8uhqJg0,322,229,49,33642289,196057,15302
pqdaskhEa0I,180,93,26,1787584,22463,902
iv1zeGSvhIw,213,209,78,1985163,45248,617
z2v_rL5C8C8,211,225,64,2346297,103396,3635
-JmNKGfFj7w,81,72,47,8444914,55549,2173
xsWO0dRf1p0,253,204,41,4490470,302373,2179
KCiahBMis1E,62,85,18,233095,4047,43
uAI5rSiGyNY,74,106,20,423917,42320,270
IvFw9zhIYkQ,240,65,95,107423,8075,41
WfjZ1otkS3o,233,211,153,5790972,110290,4172
kWaJCOyORvI,195,252,53,5651807,131823,5444
b6utGZQ9Sks,149,116,35,752382,41043,98
Ca3rEOlAfpc,139,294,67,512817,17578,251
Uw3eeaFT5Rw,217,80,3,128918,11448,62
yARn15Ks1DE,91,153,19,5329051,1663,447
QfINpLDE_s4,181,281,37,585452,11299,223
8Wb9KYnNxUc,100,183,171,394588,946,763
_tHYuBw32z0,86,253,61,343841,8015,393
CN4YL1KPDAA,119,134,47,1412337,53666,2346
Lv5DFKceFac,52,40,8,376381,8909,170
uWFAD84I66I,235,192,73,720717,67743,636
vgDiV94Hz1I,132,243,25,2636782,69486,1956
yBXDLfgGKQM,24,40,36,189313,748,292
Q0CbN8sfihY,148,285,67,101967218,2578679,83527
7wsYiuNERZA,191,82,27,87509,3696,143
L87l9-2B0ug,30,44,26,377165,14803,844
eERPlIdPJtI,403,162,35,3127535,213376,3243
ei6FVbMysc4,63,28,9,92391,9261,24
I1P7GoZcZpU,76,58,10,1052274,4069,334
j3MvNvV27hw,293,84,23,800231,63874,1069
3iYOBuyS97A,4,4,4,12759,136,8
4YX_1wql-Xw,185,220,95,8044178,309449,19111
6gwM9v_OwUc,159,299,42,3811483,153960,4283
wiBhzhQu_2c,224,61,15,324782,12660,254
VcMuDnnaBvw,139,229,132,4781693,27217,3237
HUUsEgAe8x4,212,321,67,14374801,254940,6917
Wp21hAL1mOU,121,320,59,7266173,493400,6157
0dWj2k4FMM8,163,291,46,3345145,44532,2862
8bNXD4q5FCE,4,14,4,18001,53,9
fLLe5sODKtg,295,58,47,90675,7326,101
AH0f3hesKjI,99,155,46,418836,42041,559
SmW6p1HwNtw,91,88,19,73621,3327,72
E-NxvaVWjBM,13,6,6,75609,351,32
AHrCI9eSJGQ,167,25,8,1707314,111122,430
xA70bP5uzao,120,60,20,190984,7961,272
np1RFbKh5a0,164,94,42,129985,2594,208
R_jKUDmJs1Y,105,338,56,18076461,942395,21450
fUffrvUjwCY,167,124,9,2063100,122389,1278
KHshdXDxR3c,111,146,43,4581461,157448,3811
03jeumSTSzc,166,366,67,16227401,942178,14307
-6Zc8Co2H3w,184,185,31,7139354,187351,4788
Kz-3PgnD1vM,150,227,23,372677,31965,696
e21VLQGCJTg,167,311,22,265302,13529,192
OcT1pSgNARo,59,24,22,70851,886,62
CsdzflTXBVQ,249,355,96,5835665,244306,4000
IMG0u0_cKNc,47,119,34,455480,6462,305
DBBt7IhHOFQ,130,134,36,1013089,45457,238
htAqXYmFKgo,193,248,59,19621436,1216403,14094
7-z55AKa07U,56,125,19,631048,16658,547
c3JbJmXInOs,184,252,64,4795599,85216,3935
byA77xkQBEE,225,131,144,9143957,509753,15109
3N5WORQxQUo,265,112,23,747817,27371,941
bO-cI25XaAk,16,18,7,256208,5402,4502
GoJsr4IwCm4,103,60,37,3844297,207101,3365
1u5jO57eD-U,204,317,79,13012099,293119,5763
fcubmjoGH7I,257,205,38,3528856,135030,2832
xch78xg1DVc,19,52,19,494926,129,90
uKQ8iy3U1lw,189,193,118,1772321,59201,5824
FyLtlW3hHwQ,63,33,4,46310,2888,146
5IG15ff4Zkk,8,2,2,7327,44,7
vdUum-zVcZc,172,204,24,3728113,152861,4289
yyv2gOHMGEc,137,139,24,12973158,318210,6355
5LXqVd_0cjs,38,61,1,2079490,86513,1882
cXQUObfBXYk,94,92,14,676590,24781,276
QCOkDQqGkcM,80,211,9,3539233,168233,1248
nMABVXrg3D0,173,174,53,392977,33398,218
Ayb_2qbZHm4,249,290,61,7527723,256074,5830
dWWQsXRwHb4,147,220,33,762779,25593,528
dUOUo02v4XE,44,41,15,323563,6553,128
WvkrRBduZ84,157,77,12,127277,1022,86
iV9PEBuPwSU,3,3,0,2768,16,0
ZymSrDfLhW8,195,173,32,197040,10218,265
zyPIdeF4NFI,208,157,35,156689,10885,235
PlTRnF7KlV4,22,56,22,1278580,9478,685
f24IrRsf-lQ,235,220,45,2341461,156319,11884
9E3wYGXnUqY,184,270,45,9333683,350723,4165
uB_Kx6T3wq4,259,98,43,3880458,213583,8836
r_Vv6abqauM,222,219,59,310032,21782,193
1WpOhaJe49w,70,215,15,1165979,54906,762
brfJuyTADuQ,58,123,19,1848251,105834,3396
B_CHjYoqPUU,70,84,46,4469253,226465,4562
7Lyo5dCig-U,62,108,30,533420,4813,242
zcqZHYo7ONs,353,214,133,4481971,187142,4898
a6y01PSb6qU,148,57,13,452621,3994,48
pe3KSYqPIgo,62,107,31,3658821,223223,7432
hg5yXLhl3CQ,6,8,0,19210,227,1
klSWPvDCYoI,76,108,16,657483,18777,387
nQDcDZ6rmGE,190,150,60,2948295,34975,1469
P00HMxdsVZI,75,104,21,113418,5631,113
z8N40PtsEw4,9,8,1,19634,35,4
pgCtsVdK4HA,131,161,108,248582,11601,405
Km_u51OE3VA,24,31,7,111264,989,46
5ggZ9jIHnr8,69,604,27,72856354,3565921,586635
2xTuOYNrVmw,64,132,129,23495,104,375
adgAxnflvOE,168,108,24,289931,8951,178
j-JOG2mUt0c,71,76,53,1960489,25919,1730
S9VIKOuZcds,49,30,21,25037,2846,11
LpZqwLZP5Vs,35,129,34,85262,2544,123
o3_byIkXF7Q,33,27,15,307285,2597,113
unByRjDRA34,127,64,9,826646,48744,788
IFKkcaj0kAE,86,64,50,2800432,54946,668
HjfN2Phsfng,1,0,0,12284,30,0
P_X6hIyqUxA,205,212,83,3358118,26873,1555
uLP8rFrL1W0,111,148,41,234143,12601,84
6vGg-jJl30A,109,78,13,400025,25087,240
4X6a3G_0HjY,244,281,275,2340446,8373,9723
tBN9kLaS-uw,316,291,92,14993333,975276,9201
NTe6-26-fHg,48,46,6,196113,8841,198
ErWde9LVg0A,263,104,33,2118062,166610,2925
YhrOkyCju9k,6,54,2,169410,172,52
KPqtlI3aJIE,277,197,26,10777781,558633,3477
TMy0vJfKvzI,63,94,43,1441280,24534,993
-LoSw4o2zDQ,183,106,11,165898,13087,80
2HcqS508lIo,204,302,94,3683648,99636,3032
LrvnTWNATG0,88,180,13,931635,2760,361
K19NG3mNhKk,75,94,31,501884,26888,794
L3f7_y9UPh4,107,78,15,590195,8987,293
9HIkG6vMk6E,247,209,44,2290459,166732,866
GdoNKbGQs9U,93,91,7,306623,6554,144
fbokWw3b94k,134,242,24,155930,9912,171
5XpbCWsHWKQ,91,98,11,312921,22489,231
5hphhsrctwY,68,101,31,1601967,16093,1316
3QzUSSKfEeA,82,253,65,3409763,129296,2353
TBJIAgiIHg4,7,76,0,144059,1543,36
658YZO_CmOk,201,261,138,3177284,43610,8209
QtANwxed36M,29,48,23,687197,10956,313
5qlSfNVp3fU,202,223,73,1311748,35953,899
a_MFkqMZTt4,110,153,37,1893417,57548,1941
yiblDn4JGfQ,128,57,15,487643,46168,227
a2B9pA8aGUc,3,11,2,11533,51,7
EgUXkpAyqps,17,4,0,192003,429,15
oqmSuPJfvJo,209,228,63,7180748,411105,4975
0Rb2rr1vWpI,54,125,20,183644,10720,288
k8T9SMqAqyc,280,112,8,335480,24676,233
XQVwoImSnds,54,36,31,383176,363,351
3ImE5jhnOt8,186,250,64,727964,26571,322
xwW0VfkFljE,84,141,75,433540,8048,354
PD7OWHNAUqY,42,38,20,17248,667,143
uoTIcwHK_aw,144,195,61,8418962,544407,3814
rJrwCJWq2cs,2,15,2,6262,42,8
C1wa2OyP_so,76,89,35,651345,22405,757
OWAf0pD8354,107,67,26,66847,1975,27
qAPx7N1jr_I,53,130,117,1459040,10564,8370
G1VEccH7jJ8,67,114,19,2618483,112337,2176
Fpt3ImXIImY,17,14,22,22537,207,78
Rew50oYjRqA,98,83,19,815275,48610,798
HjkmacUCJw8,83,62,30,141015,517,272
tku0H7YeMeA,274,108,17,150573,14512,144
YaTxVflKDQw,135,163,102,5614311,42740,5875
3Sjd4BVHdc8,20,30,15,179848,2461,83
tUKgtLyu8yI,187,153,60,2421680,19897,190
UkkPCObPShA,164,211,25,3686460,242890,4614
v36OO-vZTQk,26,63,11,181608,7375,116
o97_jDomyqc,240,217,43,2378087,111286,2843
dX72axAvIGc,91,165,44,2740472,122997,1387
E5Hfl6Nqw3Q,102,268,130,2723091,74780,7315
Bn7ZtoFTm2Y,131,55,14,251760,9664,423
DtsWj9XiOIY,286,85,29,1041202,199021,954
MfbNXanrhGA,85,72,74,330378,701,285
RyCDmg1JXcQ,137,219,44,309836,7972,232
TSxt2_QM4N4,156,227,17,1624869,318826,1983
G0cDl-vZKkg,283,134,83,1135204,54767,2533
-B9z3az6Axc,224,220,56,886656,74012,1778
8bpaM9NeFrk,234,249,105,7552182,98004,3508
KQc7a_5G0pI,161,179,60,2039155,63146,4411
-_Q5kO4YXFs,154,159,37,8224776,29388,771
wVD8ECqG2FM,36,69,95,436671,5523,588
7nh2Ra-5kY8,97,77,24,241744,1498,97
I0Se3ce433Q,153,317,130,44701513,1711109,1690482
HzIB6TC1Ghw,137,126,137,851131,3009,5114
TNhyrPaGFYQ,65,292,43,5152320,272984,5254
SNCeopgkSAU,167,314,117,1303894,14111,1101
eKjiJYkvKwQ,117,165,18,1268877,37881,2119
nW-aml4r7Gc,292,164,43,595883,22169,1664
jzaRIWMxz0Y,66,22,8,289583,3272,122
2pZ2aHWFHXA,93,83,31,204325,2446,357
DeIaemmxMl4,285,86,29,172524,9528,288
HzzmqUoQobc,178,141,80,2065736,81369,4078
ScNsBpQ8KIg,73,118,9,2743366,240437,2449
ton42cZ6ZYU,29,55,16,2465146,179085,1567
_lGL4Um83LM,36,21,0,143426,532,18
_5ZrSKpbdSg,175,181,43,478464,8168,102
tUPR5-igTVY,273,144,82,4697829,0,0
9wRgNPdU7fQ,114,133,53,7181684,560894,5500
AAZbviHZVhE,209,213,78,3501504,108949,7633
z68frP9Q7XA,58,123,19,3892965,16644,1588
QB5JOnDYeHY,163,279,58,5837197,187034,10646
csrYDgBF2nI,102,155,42,2006189,17070,768
22tF3y_epZs,119,50,31,362929,25484,212
wULnbo1qtDc,97,248,55,9398568,295327,11271
TLfwSd-tLcM,74,189,37,1681496,72169,4120
QX6_UViEpOg,122,97,81,812961,7222,1186
GTawLgr1W0w,31,58,11,218289,23046,370
8fH_PAi6Yf4,153,44,3,2245978,78063,3183
Hg6L_7qLIEQ,128,192,80,18755036,413766,9221
fJiaYnmUw60,42,136,24,305992,1704,201
hRRnKJwbrcw,36,36,28,560844,6477,1444
BHD3uqfbcRQ,178,193,29,728618,21340,432
bJW2678K3XE,18,16,4,35519,892,51
vb_hwwmiKvQ,4,7,0,143070,165,6
MMEgnbIVWXc,40,29,10,109063,806,15
OMGO51u4ou4,201,226,73,3258588,52334,1773
7esz7R9p_40,57,139,4,311088,17854,426
ON3x2wWZLHk,41,42,17,181018,1001,167
GNTtR6ZpUOo,78,111,11,220800,15723,56
ScmJvmzDcG0,198,175,127,16481400,337978,8668
vaAzCXxAoQE,140,249,111,524510,12796,997
33Z-ix1VLzI,79,189,32,1411262,28810,1704
GjtYtBGrP6Y,81,91,28,1550042,113082,2394
JhA1Wi9mrns,250,241,109,1341615,31267,4364
2caEL5ATPX4,51,43,6,82199,1194,51
T_t-ByJoDgM,211,82,7,151502,23361,136
05v4nfUmBYI,221,230,49,1026130,55684,1349
yNaLblrdflU,187,224,89,3376172,18957,2134
TpwChyyyy4s,41,146,13,841727,10572,436
73kIG3HcFq0,191,78,31,697102,55815,394
SPZFN6VFFow,95,115,90,5073865,15152,7034
9fgtEM8-VTI,241,200,159,590403,2476,5142
K3U7Z94NHgg,71,101,24,392130,3039,303
BRhR9_tiPTo,31,49,20,253110,1671,198
0hLx_1Q15eY,171,348,75,1621486,59197,1146
dy5xLVx2NGY,189,290,118,6652040,424548,5366
5JcZsNxT2BM,73,93,34,962853,65569,856
lNzrWNjEQjk,70,116,14,106811,9130,265
CayHgjP1YNQ,103,82,15,899934,8540,137
LolP3Y7_Irs,273,282,45,1330193,42850,1838
rCo4gIZu0DY,226,229,45,16870580,688573,8008
nOQh4NXZ2wo,164,234,2,328802,20481,193
w58C1Vu10Is,121,282,97,6428269,501509,18184
HIdRXXjIthQ,179,93,28,683141,29794,144
2K57-24FnIM,237,193,70,494388,23983,801
j0AoUB9Nqtw,209,175,113,2391825,22694,1671
DyA64VLVfds,248,112,39,179133,26298,118
ZWTlL_w8cRA,349,123,28,17045197,1104323,11211
amds5iNvFD4,82,95,23,649177,17132,942
jehAZhrI7oA,66,71,63,1597272,34758,2114
qh7QJ_jLam0,50,32,18,845694,64515,625
ZtXkNMbjOEE,227,250,24,492762,10636,258
bxgFjzRW6EA,276,152,72,1504124,64457,1027
K5-f1Bnltu8,99,162,39,956068,46532,535
Z-LmHjkN2EU,84,203,113,3734888,8871,408
vQ3XgMKAgxc,102,161,37,9358965,368606,5469
HpHp1Xp5oDo,114,57,29,258665,6830,698
lUFpahcEOX8,152,127,116,166563,382,864
ddJ7HLIfJdk,87,94,19,84338,5499,43
kEUfrSxTQ1s,27,45,54,499002,203,53
5qkgFES0r-U,231,110,59,2661103,116774,10761
GO6qs83CHpc,151,276,73,69932872,256012,29032
kmgsC68hIL8,67,69,64,2867330,49237,3263
puxAgWMzGqw,59,27,14,138162,4117,77
kiFDqOYfgYk,82,92,26,4009311,94184,2524
QeBCu1ZSORs,197,372,31,5207631,366391,4878
SmfWvo4cMpU,329,61,10,383315,42713,98
UIATkLb3MaA,146,111,43,1350193,55407,311
paXOkGMyG8M,272,188,40,10951833,641321,11055
rZ2vh8rZd18,133,148,19,367633,21292,135
_SzWAfsdZXY,174,134,57,598927,6491,212
LDXr12ToYuM,244,119,37,7899696,645496,12360
zmg9tVaMVd4,237,217,44,3533029,49234,5568
R42GHW6RY20,24,32,9,13671,921,8
QWtGGoHT4H8,4,6,0,6917,84,4
iK7lICvUhCI,83,90,27,5553073,192539,18833
is7Hx7B5e2c,203,83,14,349665,6679,102
7DV7TS3XB94,40,12,4,101104,1018,252
_yvDc9t1gZE,295,169,36,639548,17736,130
np4Nw0tBun8,194,170,36,2096264,129827,2512
fW0Z5XjmEXM,4,10,2,23410,118,19
4Yue-q9Jdbk,191,256,53,1656374,125531,1840
SLoQoYi3P5U,164,201,135,3296732,29575,10619
jKInAMNrXRA,133,128,39,763320,8531,3551
hNsUtZmWgdg,112,229,103,1707654,1893,342
F5Ma-1A-NS0,126,150,224,5262743,14251,2194
JU21shbaVBo,196,188,116,655390,20223,712
DyTlOIa6RLo,84,200,116,2293422,38373,985
n54-eEvoMpg,87,77,36,1083720,30714,2015
ERj3KafjfRk,4,6,2,11009,196,12
x7cwR2G-5Ng,10,3,0,5343,133,0
rl4ofGm2aNI,282,175,43,5780909,354807,12145
biKYH7o8j7k,124,194,82,970710,8130,621
hwFx0ROBf7o,188,130,82,804089,15265,745
O3D8d2QNShY,8,85,7,552670,2268,82
ofzjzf_rhZc,154,250,96,3239987,97677,4580
M2Kwpy2ot6k,106,142,52,3589787,132740,10340
lokFoo_QD8c,86,106,8,744698,23749,502
KUH0KQ1qMiw,164,149,87,4854802,98019,16179
4k56sdESwHQ,165,279,56,635472,20090,495
hbfxFdl8B8M,166,139,95,364335,2805,414
aDuB1arf8aE,248,121,31,484246,27628,241
R1ZXOOLMJ8s,187,333,80,44506211,1414610,20258
AQ0b0CRsiVc,68,114,18,10053222,750585,5164
zJufeAMRHy8,102,65,26,189124,1809,45
9YyB6sQ4iwA,107,146,47,2024415,75079,4109
SHq2qrFUlGY,121,547,32,133108543,3040115,219791
2y7rk7eHHAM,170,186,144,4205914,34210,12283
0H3MirHyX2w,84,162,54,2029675,19560,836
OHL3J9cKNyg,16,9,4,48652,367,22
iL_-GwbEP4g,162,101,35,680606,15378,604
evvVtqmvE5w,153,268,79,14840957,323414,6845
noVEvsozyug,228,219,53,2740067,120011,1564
fmIGnd98DX4,213,307,80,4649921,146978,4173
_elREWy6f9w,165,186,49,1347853,55987,1571
PLDJQondOQE,96,181,23,3681067,80816,2716
Oo0NJsr5m4I,216,348,229,32170444,266915,51544
RRkdV_xmYOI,37,45,18,367544,13795,615
RaKxVWJxA2U,91,234,75,386419,11837,698
Ni5Uc-DdMqk,64,108,54,996702,1640,278
uHYNSaW6Ttw,60,86,64,116418,1372,219
gmXuUgB7T3Y,119,58,23,591654,19121,422
UqmxHwLI9yg,244,202,54,586555,29790,1047
5fsEPf_Uuao,118,359,23,3102508,153084,1383
k1gVVnv_om4,51,95,15,65101,1326,38
wmiy00-NqDk,81,98,21,409476,27309,173
nd_EYo96lmo,231,302,67,4059557,106933,4221
RxIh_0q524c,209,169,22,1305565,54842,506
vJaUfpbEYIU,30,55,15,365874,1672,167
PgeJ0XYuI2E,260,184,56,4936943,316839,4389
TXo-qOQNK3E,194,116,90,839306,65200,507
AjioF-ZFDHQ,33,44,23,34566,129,94
7_GaeAoLMWY,60,34,6,106467,3140,123
YKgY0zQnqcU,106,119,75,546809,8828,1895
xyNX4eH17uA,147,192,161,688703,10156,3762
Lf3ER5Ope_s,74,94,30,672619,20761,780
x9VBzdkHMBU,182,176,42,1251722,101056,746
_qb4_uvYSG0,97,105,98,349342,2650,2645
EmlH7yRKmSY,104,232,64,490987,6674,341
tq7tHN9HBJU,210,248,42,2091809,135252,1607
D6oaRAgdslE,209,56,135,2862790,18242,15807
Xa-FV6Oxp1M,108,341,51,6016442,309687,5131
abeF5zQbQEM,147,400,53,2314861,110119,2827
p-xtcaAOTEE,4,2,0,24310,42,0
PeUgWK0pUIA,257,188,151,1408458,34563,3843
T_PuZBdT2iM,119,284,97,9721041,384810,9181
cWfTBkTJOH8,79,110,9,925047,34864,442
uZ8L6qLeC74,133,50,17,134221,5225,74
LaZQ_gj919U,44,16,4,296444,2171,86
qiUKuZQRsWo,77,171,52,2998441,26428,2923
h9TlaYxoOO8,217,226,55,1433338,36086,1601
Nko0mn3r-eM,46,45,9,71307,2924,31
dsH83p_mfEs,2,1,0,57676,144,6
r9-DM9uBtVI,185,314,101,92898692,1627243,84275
o8R5f2kNo0A,219,144,37,1657167,49623,400
NWwBpOUkx9g,32,54,12,249001,2485,199
AEaKrq3SpW8,97,169,34,180867,6565,140
ofz2cHLkiRI,200,268,126,3690831,114244,8600
9EBgaxFfDA0,110,133,57,2111150,73255,2008
2VXWgIOPgmw,81,149,70,7299617,3647,259
PInMw_UmlHQ,54,211,35,434312,12366,709
PHpMh4E4KKQ,119,36,10,62746,1975,19
mi52IqpOp54,1,0,0,2373,14,0
N4Jb3gkrGXI,71,74,55,7740704,382172,3358
DdA7tUIzA5Q,368,212,20,499991,23402,506
0qfgZJNCCJQ,153,224,23,1377349,101059,1015
8ropWor8aAM,62,29,9,480140,16659,538
y9vsRUmPCKk,128,66,6,389736,20479,215
APHgDFRpCi0,117,544,39,65966550,2415913,122842
UVwLjEK0jio,14,18,7,31507,203,40
bY8-TUD3_Zo,82,130,88,9369988,364183,36512
ruTB5jBGXsE,271,243,86,2577259,95334,1430
J5b_-TZwQ0I,217,158,124,21558342,608889,51488
Lk7iJthBk6I,197,153,50,1741540,134978,1309
vpJba2qIXjs,2,0,1,7985,78,1
crY-q80MfJU,58,117,25,2925181,86662,6845
3yoGE3v4A8w,87,99,14,449195,30535,410
U1bpztJkdzk,54,137,9,2051007,116027,1158
Zya-JNMJ62k,196,327,77,1958538,34375,1171
0501BTnbrxg,237,211,52,4035737,287126,2067
CuXq1hOa8_Y,147,245,108,235594,1788,280
5jRYB3nGxmc,92,91,15,168244,4662,113
CMfo-s9izIc,41,34,25,304781,15511,2159
ICqTZeiimpk,66,86,48,30662,1690,70
6QZiqFAeK_g,2,10,0,598430,170,32
ZyHipL45pwM,223,153,24,511988,16295,183
rRZp93mMZaI,50,33,3,49388,1711,47
RVSSCN2ts_g,75,134,61,320273,2301,190
QH0fGSqow3c,16,11,3,70708,574,78
368_ovPsJk8,215,383,98,7672698,86404,6048
mOrdWbqp85E,182,201,14,392861,9272,192
ZgCTlbQvcT8,38,46,16,446999,7179,538
KUCHBBCj77I,228,123,47,1081965,61287,1487
pyb7UqbdYTs,214,252,33,907617,88485,678
f3uF3EpSZMw,155,29,16,577589,74074,283
Zo1pCjsjf6I,174,112,14,674132,33596,346
1ShHf1Ym1h0,262,230,106,1789401,73113,4058
cnCxc93iCe4,12,21,0,69026,450,18
4cfL9nTNugM,282,167,51,14294690,1450288,5712
jLa9wZHiqxg,1,0,0,7195,11,0
3d9i_0Ty7Cg,153,195,52,4210205,240752,4471
YmnxIsRn5nw,52,38,10,358645,26586,255
Ap5hoCTkTUM,132,305,63,9533565,402256,10550
W-97_yKHQHg,18,25,14,15405,169,14
AR764HY82Cs,212,145,42,2734120,119569,2254
LHR2gzqUp5M,83,169,48,4964866,204510,3133
8Lv3tW7bWzU,208,76,16,58786,5327,36
v8t0ASudM-o,100,93,7,376121,19497,359
iTRWe2XGEGA,52,109,62,400506,966,554
M3siIx0W8aM,284,280,36,5021936,286108,1955
B1TJp73shl8,111,40,3,135041,3822,97
6cnobaJFY-M,173,187,40,1280749,14918,978
0afzkLHTUK8,59,117,24,1898598,30217,1655
AyiYuBCLTjc,79,167,52,285028,6671,344
Lwn97mpBCu8,278,211,111,1503162,50123,1366
04UjShXZbD0,68,107,25,13562148,1823743,24475
WFkhq40z348,27,22,7,40029,898,57
rQhynsjq_BQ,3,7,2,15098,56,6
64G7jEqX2vc,133,129,38,244531,1873,41
z5Wo-iF6lA8,168,328,104,8466344,329274,20297
4W-pZrhu798,297,141,62,1713553,32140,1714
VX4MQYwAh80,161,370,63,7837930,136856,16844
-5sCWsLlTCI,25,26,16,85052,1458,97
yESCuF5dsYs,119,62,19,475499,48047,555
gDFZS0BVsBY,210,296,94,7980221,72303,7534
Itd_DFAw8OE,55,124,21,578472,18833,679
lg0ldbwZhPQ,189,267,44,1499749,38661,1126
KbYCmEptlL8,266,180,54,6421297,285015,9197
11S5tcT2Tm0,355,227,18,7578897,567607,9241
Z7R8XRKqHAI,367,196,37,3266761,205885,3021
avlEK3PTvw8,187,191,22,2579706,144995,2065
JsTptu56GM8,101,61,38,1041050,55567,349
LP4qYyTPyl4,205,159,36,412940,17168,808
QQP6c_xLetk,127,237,36,3214308,81749,3736
UejIDD3lhEA,2,1,0,2070,59,1
xig77hiUHig,152,209,39,4761239,144265,6220
H1YGg8nYkv0,175,263,161,6368604,21722,9668
SHobkpQ9GOM,190,149,61,354845,15523,547
AoQMHzkj2x0,54,32,14,5326424,389273,4033
eHV5gHeVgH0,70,63,41,53027,541,76
XLNLPIRS62g,158,143,199,859366,2593,23332
ufE-HaySXSg,137,179,84,707958,18016,2543
JxEj2ZjgNzs,121,74,5,75326,5470,38
KnE3055j-A0,182,295,123,3668326,93710,13366
4MkC65emkG4,271,282,147,2460553,61287,3632
w8fAellnPns,126,262,112,3105746,139511,4038
9CILSvf1snQ,44,44,4,27794,1692,34
unIkqhB2nA0,175,257,168,19647053,454524,50935
uh3aU63f8U8,150,138,12,119546,5236,107
aw28GKtWxBw,161,258,81,7841137,256846,8686
wUHWzsF_qJM,326,117,57,566412,55459,510
hqHlIRZnF38,196,148,56,3122734,41213,734
fTW7EgoKpSE,15,25,3,275552,871,5
JJ5WP2BKigc,97,151,52,7974069,219633,8257
Fzz-Pblbvqw,145,305,47,1338089,57585,555
mEYKFjd7aHo,1,1,2,3680,10,2
gMhysL2A8Qk,35,39,0,810584,1371,37
W2gnef0LtBE,0,0,2,4903,41,4
9gpjRy3uDUM,167,211,122,1601312,145291,1544
39wPXnFMypY,52,31,16,167796,6934,126
scIizw2asro,156,202,42,10210634,133929,2706
BwYPddy_5bk,171,74,53,539109,28312,229
ZaZ_GkB_d34,36,60,20,39570,658,80
k1eYiq_V5cM,213,141,46,969372,72254,1122
mShBE_wHAk8,0,1,0,1341,1,0
zqE-ultsWt0,206,204,90,11340348,218050,4249
xtEQkOp8mZ0,65,106,48,1274492,6627,477
IEGEovFX534,239,74,15,337365,4829,50
a5NIg5yyHWo,41,39,20,400104,2432,123
GGm0FQ6i74U,39,36,25,244433,9143,6826
62cWuFjzOgs,34,56,22,112272,748,104
RLmqKBRqyA8,207,231,59,1109164,26861,574
3TDk34hnSXc,150,199,51,382584,21839,307
2Hz4sDjXPQY,120,138,29,955841,7674,220
BMCLQf75ev0,15,8,2,18428,256,7
XaE08gz0ogk,54,31,15,30899,1124,102
pV_5gjQ7lhk,151,340,109,2314666,42605,3264
qdWUQGHtyPk,222,93,85,5819290,263869,10677
IqLi6Pn_rVo,182,91,27,1476011,69734,1547
xffuHHjO_Us,220,161,19,484953,63686,187
8NArIVIQ4BI,172,365,61,8432739,863907,18573
JudqBA5is6M,7,47,33,463685,1978,184
5cyiXm7vAgc,165,170,65,2839325,281545,1815
FxElTWf7IEw,78,144,56,526712,2118,388
uwukx6DGmW8,196,124,80,420188,18197,902
dN9hA7J79VI,51,64,85,621478,8013,18894
1Q-ZREGfxTI,128,198,74,2617322,120405,6312
GuEQtn2nm9A,122,116,62,246984,7631,528
ENskipCo-eQ,26,359,15,2366179,36405,933
QqbMpE4dPao,210,244,44,6492846,312498,6143
3JYl1XREYLE,102,233,65,1419784,69548,2750
y_nuMEtwUW4,34,8,7,81740,296,0
sQTnREEtuNk,52,31,10,47860,1642,71
qJJHhVf3_ZM,28,38,34,220661,2070,449
ah8SQNOXgrQ,72,109,19,209127,19127,236
74zJ4scJzNs,170,321,208,7567250,107122,34797
equByOb9j5E,74,250,76,3773469,9123,3573
qqNn14l7hhA,207,164,29,1227029,52507,571
yj7OZ602CM8,144,167,89,789120,23881,531
UApJ0enDJTs,73,22,5,157104,6057,129
tetLuLLWxKM,2,4,0,13166,32,10
cL8Ls0tEMcc,270,189,41,1806343,82160,1255
pOqiqRHrAHE,83,54,10,105421,1457,123
rDkhmTCWssc,10,18,8,279505,267,458
UCrBICYM0yM,180,218,102,15608597,51649,2142
FMVw_Ty8qTY,191,88,21,354917,19100,252
cxLQAuQsOWI,255,296,49,800882,52290,249
5F_utV45MT0,28,43,29,26002,503,72
XF_ARz7jTUw,257,253,90,9156524,271928,8310
vd7LCYVH1vc,6,2,4,63135,167,0
FpZ1sIjQrf4,207,266,27,16680316,979913,10665
735_W3zsIw4,107,224,69,615216,33528,1490
x5Ps13AeXxQ,345,111,44,6630453,371503,15774
g85RGiOgUtI,205,149,46,2355335,132169,3815
nb5q4Co-eac,43,46,11,843116,25802,187
20yqGk-M-iI,51,104,13,55655,4102,626
vOkzPTAZ8-E,100,310,90,8203797,201843,38456
JpTdK2kn6TA,34,40,26,119303,3468,476
ZQK1F0wz6z4,236,383,80,2821819,119160,2661
Wv3RpLvPasE,37,43,9,346422,3407,87
j4OWNMSOwbA,6,11,2,25317,372,54
tPiaduBZHRU,55,36,8,247452,7229,114
UQBNfV9sTCE,141,125,34,743711,24157,723
qQGY4NerwOg,7,2,0,39712,319,3
RSJ2mRqL1cA,13,3,2,76017,1011,12
jsR0dclw060,196,133,71,1213885,43530,1034
eN6JVKmMUhw,174,98,28,189063,4871,240
VFNwdX5zyCg,13,10,0,22263,169,4
s8GrGvjhz0s,247,209,143,2715187,8862,3393
qr1Fpkkad2c,285,182,30,653661,18929,712
VdL-6VlaPls,17,19,6,180416,414,21
yl86_6Rr-mU,91,150,59,1256495,29911,3391
8wNr-NQImFg,153,151,96,3054016,36662,1527
0tOUQt5fem0,13,0,0,15084,100,0
Wb-6fhfAn2I,295,208,97,778411,31866,4047
j9g7FpCSF5Y,35,47,3,28940,2180,21
7Cn0-CwintU,150,203,45,3288330,51134,7305
6L-nhETPAfY,159,199,42,1489485,51225,2437
vGwdgL-x78w,20,18,10,93984,1130,87
HRNq5O2ieOs,25,64,11,609094,18828,341
dUBcP00TEWI,25,66,9,186354,11129,276
SjZWJoNYpHI,103,156,38,719016,4071,50
Iq13mG9l6o0,93,140,65,298833,9446,1395
cPZ3u1z8kU0,53,30,2,7439,794,7
ip6YrQt-dp8,5,4,17,10160,8,150
03IUgOd4GH4,154,286,60,26451153,1906087,28662
zV0dpCG-8go,214,166,120,1547142,32725,883
TDuE0y_4Vl0,15,10,6,8839,7,48
eVIezLcwc7s,103,172,25,3460107,48805,1142
qCH73iQAZS4,237,182,81,1514584,9075,1835
h5kbGO3M--4,157,201,42,4775213,106659,3404
IPWoD5Af7RE,95,365,40,3111795,109201,2381
j9giQP9SX-U,187,81,32,137543,4106,512
eUhGww8WyIo,43,39,18,459669,8920,159
e6eU61Y-UA0,6,6,3,46875,188,10
sNSzJiF4sB8,37,42,9,0,0,0
iv1C0pEdhOg,113,133,54,5056352,114424,4608
IA9vLOmFyp4,203,86,11,530686,36510,284
x4SheWJkn6s,122,140,38,570418,32315,280
lno7AN8hLvQ,185,129,86,814941,44156,1858
ml8Dj5OSR-M,233,198,69,935017,33655,1079
XBGCYqRInM8,90,89,21,122752,4150,77
9zX2BQFZ_BI,68,106,26,7574606,152454,5610
xU5-_EGfcHw,68,91,41,1002800,14808,1325
pcnlLwwR5x4,110,146,144,986547,10479,9204
YK53kxDdkiU,118,193,82,463399,4149,280
fc_oYX7JJ-U,1,2,0,8544,95,0
NzRuDD0iYC0,58,79,63,2025843,10713,4921
O4pFdLJmG7M,43,131,26,3506509,46137,2989
gQvHtXWlXDE,42,152,6,1137176,14478,726
pyZVUC5jeVw,35,31,30,360726,2822,148
taKGnsqeCPs,45,48,7,312940,34381,282
lLAmL6Tz59Y,95,245,60,5443866,141665,6183
A778dMvbrJg,73,82,45,504895,17850,1524
cq50fkILrwM,286,64,22,321394,10484,221
ziwI9E9xF4s,113,258,29,358144,10657,734
uCVuyIQZ-lA,233,237,30,399631,74456,250
eXyHRnDNH64,44,42,14,486103,11772,714
rlxqaVi7eNw,13,31,9,97502,1016,34
g6piCiaGMZs,49,120,31,1644283,79862,781
NYD9ByC0c_I,83,100,17,282184,19287,193
TngCi2s5rmk,150,341,109,10311584,367539,8066
3E_fT0aTsjI,209,213,78,4769900,57268,2337
-jFgNreZPf0,204,231,65,5717990,374248,10907
q6yzrZfgQvI,231,253,16,2239021,89620,1769
86eoHaPREmE,53,115,32,1874186,32922,1549
TZRuwzX94Kw,8,2,4,8826,344,8
9j9RrWgo5rE,124,140,136,1146389,790,892
2UMfEfUR7wM,231,215,79,1932276,68782,2810
nJPCUTDN0ec,136,139,25,434475,40053,303
1hvdr7RjNRk,207,227,66,9501802,170385,4725
kZLshuD1gmc,126,131,21,104569,5021,42
q1PgzYjpjsE,237,141,22,193297,13078,179
5fYkPljB9Zk,184,264,52,3412568,130462,3164
pT-zok786Yc,143,112,45,1308471,4370,757
WtF4TUxIOZk,24,46,30,108344,571,362
pOZ5FrTMQMA,283,196,21,722215,84272,308
f09ne0W6MZU,131,140,29,804487,10063,387
3X3xtRNb20s,149,282,69,7164833,367128,16607
EWeJ7OM3mo4,180,177,43,659589,36481,889
KwcfpkTKEF0,125,124,51,280146,19555,210
Y8kAZAQ5dX0,160,305,35,4624852,227250,8259
k0WRpQU9zK0,32,64,4,480279,26662,241
ZCQuasiJgYM,130,171,99,5837972,24409,7012
OZAfse9Pb4c,137,384,79,17911467,448729,27044
ekaeJN9Sgu0,115,133,52,1151795,17653,987
DAOrRCeCK-w,73,75,52,112043,819,207
09xOyqOO1Eg,88,74,38,433644,12690,255
VY8IqDWZwbQ,27,14,3,29556,246,13
Ekc7lWx0468,3,0,0,125190,44,22
2Q--XPdFfF4,37,53,10,242117,3883,105
r8qWc9X4f6k,109,140,51,440522,26408,230
fiEYKSMcHAI,64,206,30,2679778,105925,4302
BcYJ0CRyWaQ,23,64,13,613741,25404,437
XpVt6Z1Gjjo,227,422,151,40240743,2514220,138735
OudFElslbh4,87,103,10,5037501,254983,3117
CEcrgOuBiUM,109,65,26,403559,9795,113
MuhbA_bB418,143,359,96,6655123,137448,8306
uy1FAz6zrQE,83,168,49,8383852,243548,3596
BNRUV3TuExQ,3,0,0,8440,43,0
gDf4RpaMFrk,63,25,11,93511,1330,118
tLv3X-aMyWQ,247,339,14,2469448,86205,1400
jkrrdsEzi-s,114,141,45,1188004,55144,2531
zSqbS19xiHM,67,123,10,384059,31812,92
QtHg9jQtBII,27,36,37,30534,105,142
_ANP3HR1jsM,170,263,64,6556697,307000,3717
tteLMfFDCb4,40,103,57,1091536,10550,72580
LBLGo2y_BBU,185,334,81,11238797,506411,8034
DoQEpaQE5-g,147,118,35,1102161,25004,1095
I_JtJHJ4384,2,0,2,1731,0,4
6FgoZiTT52w,93,291,16,1920434,90840,1315
C-V1uXeyGmg,200,164,36,368995,24193,141
Gw01t6btiR0,108,83,9,778673,42506,846
vUC8-qbCVWk,250,223,27,486182,53863,429
-UAdFerZMWc,62,80,23,62692,2449,79
aysB58GG3uM,146,224,30,1101614,56801,455
vGVK4ibMI-Y,141,155,103,4822249,149064,8134
O12Rt0JSDpA,114,167,19,79055,4265,92
TxIO9IiU8A0,48,36,11,106171,1600,40
xtDJ6uEyvnw,45,27,20,113240,532,10
pwHvK07tUuw,124,67,9,1424017,99419,1995
cOboLQMO4tQ,153,225,214,725795,1978,2189
bZJpwidiMco,104,66,30,1009649,9582,917
FgSSk7xLW9w,99,159,42,3802170,112266,1491
A8QQBRIqZmw,188,266,146,8623068,208803,40850
o5xxIciBSME,177,236,86,3233710,173772,4305
00wQYmvfhn4,122,106,72,9092191,220802,4736
4RPso1_xMYk,0,17,17,11960,25,24
Pp19TkIU_fw,79,66,28,389132,4024,537
wGwsgf5CdxU,153,61,86,207460,7404,681
k8LF_FU2luY,0,2,0,20153,70,0
dpMFGr-wznc,227,171,102,1068337,71925,6114
EZaPeQ2dxh8,0,4,0,36372,25,0
8V3B85bfVFI,72,114,14,4654426,97133,1789
81OBIsQoQIc,14,278,8,5256789,160971,1336
uHCW6nfbosQ,247,229,24,118414,12260,62
5IP8jQNXDOo,64,84,52,935716,3591,1664
QAouuVo-WO0,103,99,58,93844,731,64
BRzPaDMeRks,44,44,12,352284,13099,508
9e6WeQeBjOI,6,4,0,10067,57,0
w-n3qiLeVqg,246,261,193,2136329,41541,10367
BnxkuaQxe9A,87,101,36,485483,9339,165
W_E9wivFlpE,131,292,77,14602359,532953,162984
aiUq5xksJy0,136,184,80,1360886,46093,683
TP0PsCb371E,118,123,159,162492,1257,1080
doUdRCrK80E,223,310,63,10463870,287294,10466
xRQGzS6Ce-g,117,200,83,1587056,18089,3582
2wxyDrfwlXQ,135,131,34,1777437,73845,1428
FTIStPerVNw,32,42,26,1493731,23472,3490
UO0hIASuAqY,133,201,66,2723836,10495,1090
tVtsp_mASno,167,125,108,3217495,27454,3371
a6V-fKcW5YI,88,264,148,1685892,5577,2431
LyEY0sNQIGQ,213,144,43,5266307,154695,2882
mJSViC_Sx20,170,264,66,1463276,53564,967
AYrTkoRr6hk,107,50,47,56473,1376,144
GRDoasFyesU,185,125,90,687748,20723,1011
tqUKbEfW-B8,116,198,86,1246987,24835,2741
s3Hk_lDw5yo,20,68,11,98963,9676,115
ruYeBXudsds,88,66,46,6606189,199306,26601
D3bj3PH7PGg,53,71,76,815565,3422,708
jzr49a04olU,2,0,0,6992,32,0
mFZiH4aEPJc,44,53,34,390032,1715,106
2t4gy3oAx7I,48,72,80,3982551,58758,10568
PpGyVCu2n9g,193,306,99,3692685,35719,3784
MrujGOjzUI4,221,304,75,27012643,2304868,17398
Ro3lVeccQqY,270,270,55,9528328,77024,11229
3WyD96Zq8Cw,2,2,0,17534,29,0
fM8yID63CSA,53,32,15,74494,2218,37
Auu9Sxxt5is,117,284,99,9765144,191360,6380
3sdwibrYkUU,1,5,0,35011,105,4
hBaiNeNZGJU,268,114,18,305860,22067,736
ETR9qrVS17g,121,86,93,3892502,126426,39022
aNlUKzO1ThY,162,273,165,3131809,10247,3615
po5VUW3I8P8,123,122,55,525128,15746,249
adfcVmu1bmM,288,181,31,2501842,200764,3143
xHzL1lqNny4,222,156,22,1838261,316106,555
rdXaw4EFGdk,73,69,57,963495,7079,660
pCSgWJzEvrM,52,28,20,447037,25068,710
H9KaqCBEvvg,12,29,4,80647,475,23
OLTXWUWcwOo,281,177,40,885269,18770,534
0bcHEsmmpzU,133,298,69,3309937,71543,6063
ELQfBOJOds0,104,62,34,297749,8435,208
88wD_C_m9gM,4,7,5,6195,17,8
v-eLrAw-gGc,37,41,22,1664009,67452,3511
p1RKkRCiU90,161,327,112,6243405,412524,9827
FMQaJ6ylKs4,287,239,71,1107931,120118,672
4WvKeYuwifc,244,125,131,2457365,140657,9602
7KbjNfCV-lY,103,89,8,5274051,286305,2813
nnTcCS07DKQ,162,189,149,420378,2119,979
_n0Ps1KWVU0,36,52,12,433796,11766,326
4dp31MWMjeM,49,61,31,75756,325,349
KMZ2vfIoA9k,68,93,39,122119,3442,157
Flmxl3ZfjVM,76,87,37,1797909,72933,2972
Uiccgh2GXzs,243,200,57,3827864,149604,3290
UGUu7qhGh_k,106,234,60,191443,11749,143
7k8PFMQQIxI,356,116,28,475596,46534,263
j8ziXMTpkL4,146,323,31,9370296,216008,11636
DrIFxLhDylU,251,264,82,815733,34948,1627
WWexI9YiLSc,84,186,30,950975,17004,655
7Gw-lN270qs,35,22,11,30188,688,61
c3pFWJCQy5E,74,19,7,108839,3677,107
etmUU1bs41s,182,466,52,9571826,148255,23506
mWFaxs-KvMY,139,146,15,1940424,132718,1042
f8Ej3RVz-Bk,36,40,24,301045,5362,1943
ZcsE0kjqvAQ,8,11,2,399974,410,31
_lnPimlBnk4,111,226,63,738683,15313,821
ypXwioZXUrE,232,155,113,867854,45041,683
4kX7iBnoivA,305,104,91,1918818,69323,2764
M16CGK1T9MM,149,312,239,13219800,238430,25176
Q07Cp6tswnQ,190,287,23,3742276,183671,3789
L9IDqn-qt98,6,196,9,1391605,547,153
IN0PWfSZ3Fc,24,44,43,465492,1540,340
pCHmqeHEybg,171,247,82,1091832,32635,2795
edMOQR_r2v4,134,38,28,312472,11182,676
oEs0BP0i1Ro,52,106,42,1706856,49744,3060
16-xMnzDQ4M,70,26,4,31797,5791,14
N1bJ5Vv3iUg,94,161,45,875349,34906,697
xyDIy9ggcTc,15,20,8,43131,207,25
b7nxDshnz9Y,6,3,2,20551,85,10
wGQtrwey-TI,87,89,24,1268365,26820,988
5eSSL8hRU_E,72,39,3,247255,1327,22
kxqeW4v350M,41,39,20,644242,5823,422
Eef-1HLKgoQ,106,158,35,5531491,167012,7959
TmVu7Sn7hZw,154,185,161,2144648,6217,773
ciXIdvfejn4,82,42,9,73754,2840,33
r3wQ8ISV4wc,47,41,6,24911,562,9
1KCZHHMZVGQ,155,254,88,1080087,17363,1042
Hlt3rA-oDao,351,305,144,41122394,848575,52239
M-N8hVxja94,206,143,51,294765,19498,810
CiHV9oFXFzY,6,7,4,6576,13,50
HcEKGxJ-khM,20,12,5,13435,513,38
PTXykKsrxpY,39,44,17,137388,974,76
t4or1t4iHK0,195,229,76,2450454,35122,4543
o1vV0oorclg,36,11,0,2164894,925,52
VFODNI4DBDI,99,223,178,1273190,5044,18654
hOFRbjjjwCE,97,215,88,12246688,307694,18539
1lOd7rDFYbc,196,91,12,1599828,51685,695
TO5cYWd12lQ,199,169,32,198095,12650,239
AaGVAaGylgQ,75,20,5,647537,10833,291
URvC6T_xhE0,185,192,123,895554,24306,4994
DUMEmGUc7yc,201,111,86,568468,33718,398
c1QGynzVbs4,98,123,79,388540,2461,889
xmhRIEqbKIY,92,153,55,2112602,19399,1169
IHi5jq2P_Zk,213,173,14,229587,12606,258
5e0LMJRJFaY,135,111,54,1312268,45045,1242
vp_Dbt3FPDs,191,103,6,2918030,202235,1985
X8Ijui33P6I,72,107,21,173219,5028,90
ZFF392vAMN8,130,236,34,5704529,333619,10100
bkxoHhafkqQ,129,233,38,1939824,95925,796
_ghJa9vhvSI,24,35,12,23350,1073,18
mvuN2LQf09o,12,3,1,4961,151,6
x2l1vZ9dvAE,125,151,22,112812,4091,75
GT0L3RWQNjw,114,142,44,1114967,59676,1442
etn4P80K5WU,90,92,16,367569,15226,326
UpONjs5kLPc,0,44,0,107973,406,8
gIE105f0ejg,128,312,60,10132079,437559,4679
cOlibbx5sx0,50,34,16,111973,5723,172
cHbkEESIl7g,93,82,25,997785,18252,269
7pOXunRYJIw,170,93,37,6545736,161678,3955
cFVRCo6-FUU,214,215,71,6920904,187009,3223
OZ5kXgYW5cE,156,183,61,1319819,96606,771
TOI9DKsWMx4,9,2,2,83634,52,42
ARSNaSeT9hw,149,119,32,563735,21125,378
r8jWAvF3rcE,176,244,80,1055630,38126,681
akGrh6ui_gc,18,64,18,1043418,26742,676
5ywKal6-anc,21,57,22,703750,2921,2196
1Sm8A-u1vIA,33,64,20,14388130,53539,7857
Mq9dxmh6JiE,82,77,41,2381255,92576,9030
MBdVXkSdhwU,100,268,32,130504484,7201388,263837
iKzRIweSBLA,342,216,42,40326049,2373925,21585
GWKI-CoCCTU,268,196,36,879966,37459,562
5pvkw5KkQuw,41,351,8,2993929,83998,897
Ilekd7_Kodw,69,149,82,1354834,1631,1078
SmTvoFcy4_Q,134,204,62,422913,13977,262
J4QLJiv-Eo4,8,23,5,765111,206,23
pGVtDzMDJ0I,258,188,54,835693,39508,1127
wxd_vZLsDSQ,74,114,21,530271,2652,169
mnKPEsbTo9s,122,111,67,1170519,9907,777
cNgT8qEQJ3w,128,389,128,4571838,49680,4264
LRuLYXsl_A4,6,8,8,24447,41,11
GMFnJln3IEA,23,7,15,57280,70,11
MDe4hPh7dDU,233,178,89,2453629,29771,3214
G9ADVeNpypk,48,102,18,423896,1517,252
CzJPjtyEZjE,60,23,4,196291,1705,146
C7ENj3R4Z5Q,152,42,6,102249,5225,33
3QWQ4gN3j4E,166,215,127,2718610,9796,13559
rWKz0ZC_G6U,269,84,47,325171,15323,436
mKee5Xezp_0,126,150,24,1864200,114781,1218
jASAxU0Uqk4,31,55,14,168788,9700,120
jK6BesOrfws,202,343,52,821377,29902,484
1AxLzMJIgxM,214,210,76,4199419,267595,3114
lbgBzgMzVV8,238,201,45,831948,42074,1251
Lf50KrdASTI,81,188,31,9845706,252440,4713
9ZWUKMDjysc,37,7,6,58859,2387,81
yFMZl_nYkbw,171,220,9,355767,43255,164
WYoWaouvXXA,96,94,10,5572983,466639,32613
0AaApxaD170,187,180,33,815305,71487,438
MiZCudqoFAU,136,155,109,608148,2287,25133
a5F05Qpi6lM,165,207,128,1046022,7108,7330
Wp2TUPo5W0c,245,95,60,6366459,1130327,2842
lDATIqC43aY,2,2,0,55532,232,14
ketCUtFpzNo,80,172,47,6857782,505125,12847
BidMbVRT8NU,54,32,14,719608,24300,917
rHfyvSgvgoo,89,76,33,617282,15573,173
3hq2c9vdfls,0,4,0,2099,17,0
Xul7ku1XxRY,262,328,110,9446939,448409,11725
MeGyZJiB-FQ,116,320,64,4924724,200593,5275
ioFUoNlWR1o,33,73,23,570570,2182,369
CDfhFfKSohc,125,285,87,1488047,6402,21212
rGi2b25Bx0I,15,38,36,76461,451,214
PJsJ96yyVk8,215,114,71,593446,24398,496
D59v74k5flU,126,240,34,59882195,1362637,32886
15ugV2ASveg,140,239,21,1472477,118059,1047
JV1NB70gLQI,106,222,72,1105555,26350,1656
fuVu3elWRXc,5,0,5,188056,1185,26
uxI-8GTqDYA,142,284,74,3381138,137133,2941
VH1RwkrHPvA,180,206,114,1244214,38965,927
WFb0EDl-JS8,293,98,109,499766,27839,5674
82t9Tk9dUHs,134,336,130,10244923,97861,7787
yTkFwujYZ3o,34,57,9,726977,20114,563
4v38ugGj3u0,9,16,6,30851,261,65
GG2hY4h0mJM,65,57,13,126570,1745,59
8rlfu6UX5D0,211,231,58,11233718,568787,22832
86pvsOPUmD4,4,16,2,31076,22,50
FzebOysQeL4,18,58,24,2746174,78698,13980
UxrTnLgO1YM,192,167,40,1644803,73259,1425
IMcVhfQfvow,48,113,39,2507637,35081,1443
c5vSFtnWkDA,322,155,23,5329472,354445,8429
h9ga9lHtcXM,206,157,228,6556993,119473,25056
U1ArsQ72hRA,12,3,0,68430,5064,63
apskNjHtGh8,4,24,4,17855,55,26
o9n3bR8VMW8,142,219,39,2258150,120591,2900
dRVWX8L-kHg,34,30,0,331715,291,100
t_LQ0f2GU88,70,107,23,1235976,40071,942
LXAU1VqbYbo,158,189,53,920043,29202,668
S6Mnl6kocLw,122,157,121,394520,4046,153
ucWPplMZnH4,163,186,51,1683888,86358,3094
18HD7Y3tT9o,255,204,35,1783611,49758,1316
lNjwsz8bLLI,83,107,10,548162,23224,307
o0hMhEsMUs0,84,16,0,30165,2984,16
IxI1iOi0t-c,36,51,13,106757,3529,152
Vgme9O6YZI8,50,56,43,144276,390,52
lse3oJfPPk4,248,259,89,2148507,35560,3876
ftrFGwlYO7w,266,195,39,1290690,91485,2249
2WIzsHMcSp4,137,316,47,6075923,414202,5105
8-M7WA1qX1g,131,184,85,16371260,578326,75943
F5D1x-OtGME,110,224,66,3308055,299867,7915
GIqhMKlSCgY,162,111,27,354294,13836,131
LAYuMpKE9Rk,18,18,2,15497,650,8
_f2-88pyRtU,130,155,114,1260486,25670,421
IOp8n5TzcSQ,17,1,0,4887,221,6
iIYXR4axaJY,318,219,63,7467670,458022,10711
-wQLKMUWANg,125,136,39,294782,14070,295
2DTwXdqmRiM,164,328,101,9211843,177091,4222
ZaB6kENkGVg,236,110,54,213753,6559,314
hlaV9oSSfeA,125,156,19,969076,65379,530
c2BcR39AtxE,77,390,33,2748838,104851,8948
wd9-VP2LzM8,65,108,27,2255492,86939,975
udnGW3E1vxY,390,248,59,2706928,68167,1983
tt2k8PGm-TI,44,52,4,36323498,1431683,28049
VSRz1ReNg3Y,17,6,4,9155,278,22
htpR770aP2k,131,148,121,7630828,92843,13555
DaNNFSluQOY,206,309,85,2076041,28992,2679
y_h_1uN2RQA,360,123,17,242576,13479,182
I7TSzpDetTY,35,40,25,27721,2050,146
gWzPYsSCExM,138,127,35,308346,18571,150
g_PtkN3aYFo,82,82,36,241334,5374,167
S7rQSRGGKSQ,164,87,49,238977,14238,79
LoMhBo8ATBM,37,82,81,1388557,18565,21481
dvPJJUbM8IY,96,77,27,3896250,180663,1963
L6QAx5mqFKU,91,76,33,418561,12451,832
tlTKTTt47WE,187,217,96,15776859,653443,31032
zuUQDdWNAPc,84,101,15,609316,7969,247
4AsSp0AhlBc,21,28,14,53340,1700,33
qy-UZ5B38-Y,144,189,67,819906,91490,734
HqHQFm5L6Zc,146,281,73,5213588,147754,4547
JKGdQjx-_BI,4,5,0,25635,196,10
eoArC99zm1M,53,120,27,5748312,118454,6049
Y7tLoqNjkks,4,18,0,16499,854,0
GVvqt-8-fz0,195,83,22,432751,36184,184
JvUGfF0iYtU,108,188,104,4699319,90906,2980
6JV_q-vrfBw,127,127,146,491459,5281,7718
cpvUG_fo6lU,212,205,83,1998253,16055,858
RXzHRnK8Ta0,66,47,87,133708,190,3240
VC7ZqkV1_yw,155,139,106,575056,44741,2821
9yUZTTLpDtk,242,209,49,1215282,81377,1001
krNNMFpA1wY,226,217,57,5092030,227736,3556
8hAdOYDoo4c,167,190,43,21470812,700085,16019
8WyDjXSLg88,191,150,59,3999819,260189,7361
8ijNvyEbQ_g,40,16,5,9426,413,15
SNGWh_-R1VE,106,124,70,8887755,335427,9072
q2KehxKQ3Zk,75,79,46,730795,21240,745
MGuUiaZWyWo,177,248,75,7191001,158308,2253
5mdk5oz6l3w,10,22,8,16985,225,17
j6cv-6WuDK0,53,94,53,833627,20600,5199
sB29PVm_uYY,73,111,16,2476567,146598,1064
M4cnP08e5kQ,151,117,32,202221,12400,46
F66vX1WCRbs,120,79,1,88544,6928,69
AR4UgRJOUQY,24,55,21,1244953,29748,2639
zKriLekFPwg,384,272,44,1218632,25733,1099
YrTKLZi6rqk,227,137,36,528978,34730,163
_pc1kON-doU,254,285,61,27355094,932684,54324
FBdyMBRcxeo,86,281,33,1462606,44018,869
YjS-QrzTJz8,38,36,4,427233,1709,109
iA86imHKCMw,125,164,111,3005399,54928,8644
Y12lF3cYufo,47,121,32,3801633,91110,5341
1eQXF7JbbGE,20,2,3,9761,179,7
OthEKbkPftk,55,78,43,1083188,3054,159
btSvAjUrBhU,299,175,26,1903570,158752,979
efD3nmwF-IM,96,243,61,3542438,95149,1180
o6H0OPgg1qA,120,204,76,3427060,64677,5613
KKwmCzoXbtE,19,78,25,100987,3469,52
GDrudkqrgIA,116,220,158,308651,1635,1248
KSCPfaRyzgs,55,32,13,114697,4918,30
VEoITVHfyGg,50,39,11,463409,19286,393
rAh_16nooZA,60,32,8,384682,21302,353
mceaM2_zQd8,98,144,58,546700,22203,248
1yYV9-KoSUM,234,135,29,12618928,541249,6452
sxkP5m3RKQQ,117,109,71,48987,740,175
V_U6czbDHLE,201,244,55,1507413,62508,918
De9hDyIN6JY,36,26,4,260578,1793,34
0dnd2j_is1U,12,12,8,56979,233,24
Y5fwGxJjn5E,145,118,27,163460,8427,65
BVKnt7H4zVc,73,85,42,1192115,47812,2803
JO7X9ZPoAp8,199,150,150,1311012,42870,971
yZMt87ZdUbw,222,188,90,321638,18323,346
dSdSYmXCPXU,62,91,20,326151,3936,70
4WyBEMxqFaI,110,83,7,38754,4264,69
BqL9T0_ClUg,175,231,94,208911,2537,207
96LawfHPh6s,218,131,51,3727785,110768,4462
jmc7aUVKCMA,153,152,95,896611,44853,1019
hM_kejkWeHU,165,115,20,186206,15567,59
6v-oVPROexw,219,62,19,79964,12331,13
TE0UWh9Nob0,61,34,5,166154,13568,1091
VVYhDFiTvqU,217,75,8,146474,10189,62
LcZ2AuvxXNA,193,257,50,60817245,2050810,42607
WAwRqecvMSY,44,110,46,3662012,268993,10810
oK4me2hI_Jo,225,119,56,2643155,114563,2568
n4wFyyW71zs,180,201,19,490063,70119,312
8rhb5wTCero,284,156,60,2259437,379971,2231
nFxUU519P7U,35,114,51,395189,8701,798
GtBcWxjioiM,124,61,15,1721619,36056,506
07bHQFWCKIw,23,37,39,856821,10023,1730
oWDy7_W9cpM,2,14,14,28977,54,1
afXewnGZXKs,146,309,40,2264246,28993,1319
MiFeES9uOSo,279,159,53,353424,18856,319
YSVlSmZWzm0,128,129,43,897399,25680,3004
-s267WkYVoo,98,66,36,186264,7703,544
dYstFRuPz8A,168,278,154,2972405,49495,4364
mlxdnyfkWKQ,225,373,102,942106,12371,645
xItHZZ3bvhY,37,31,32,1848824,38722,10645
7TVLt0sbBO0,63,21,6,80984,1516,16
2seypV_Jkjw,63,65,28,176074,2394,649
H4gFlDn6c0c,106,144,24,1271431,6139,141
qDhbIEuwRRc,108,29,13,56461,2721,78
bpy5Kfdhp8o,7,4,0,3694,162,2
eLhPdGZaotQ,0,2,0,4228,16,2
4Rg-YN7XFcM,64,18,0,235693,1506,41
_MEFyG-IE_I,198,107,95,1050671,40453,929
t2oVUxTV4WA,116,141,43,31901625,483662,17292
ufaDurSCKOk,208,291,101,27780575,150912,13818
omdov-S2tSA,61,93,46,425888,3858,186
AzWiUQEdJOo,168,211,121,829679,25007,3868
oZlJZ0BhXsA,190,249,61,5384269,278097,13032
dpGMUuXJbGU,37,43,20,283117,4359,198
eig-wx_83Do,86,121,62,96963,1348,60
mks_6HlK4Kk,83,355,62,8287261,227839,4635
66Wcyu73MAY,11,76,24,167474,566,22
lBp01IbxMEg,43,11,7,77496,2569,44
Ie50Nw9NkOk,32,41,27,41962,1445,50
0fsKoK9yLE0,237,204,22,336671,13449,202
fS5xHHqW-6E,350,225,25,1115402,63791,698
65fZOBR0pmM,203,244,53,699878,27924,921
kaMKInkV7Vs,143,183,74,1328186,42177,3240
MtOiRhapfFE,41,47,12,1695300,70032,2890
Ga1uiDaqMjQ,51,117,73,921489,2164,315
pYggEswHnos,51,22,2,46659,959,92
Z0mzCVe_onw,242,216,42,383907,35292,123
Tt-a61NG4XY,227,204,69,1413376,117820,1429
l_uNfGY3v8E,105,145,150,1165703,2494,3969
bAMinWdgUCg,211,81,8,293359,24567,102
U69QBI6MK_A,1,1,0,2036,25,0
Z_GR_l5QtdM,193,143,55,146317,8090,68
tTHMBjyzgEU,111,245,144,721130,24431,1002
TF0TRv7Fw94,117,302,80,19011448,755798,185091
QvP8fd2W_6A,25,19,2,54456,652,14
S44YKdc3G3U,159,164,77,3434047,9470,1201
zAtHxJvSczA,107,178,56,703695,1558,299
Zy6vBxqlapw,51,44,5,3027926,76505,2880
oKI4EAIcaLw,56,98,46,3018942,86088,3874
rtk-BLeHv6M,95,261,44,1052119,34192,861
HsiWOp-ImoE,225,221,54,1240134,122740,777
o4os5TXo6Vk,259,112,29,1011582,0,0
u5U0q-hh5B4,36,37,27,401505,6211,484
xQ4oE_tL7IA,142,231,27,475246,34716,258
YYwB63YslbA,143,100,57,1072753,13698,656
mR3-KaWftIo,58,15,2,24498,1130,26
Ez95rPffd8k,46,48,106,174313,452,732
eJB1gcydsbU,31,58,11,614717,49443,1986
gs9AV6BKh74,132,219,49,1256298,29936,1626
efJ1xZJDZlI,15,27,22,502043,76,11
a9ITIaKzG3A,73,88,39,2179611,139132,3670
UkMZJrbCRdQ,195,191,114,1553930,63839,3609
bd7IGZ6dulM,61,287,52,1601250,62749,5388
I5rD1_rxG5c,19,29,54,82019,119,264
zEezFUb8Zz4,32,54,14,145197,2745,79
xGzppQWQvq0,141,60,2,113217,4989,67
X2tejP45Lwc,275,89,35,412159,32112,408
uBGECC5U09Q,66,134,100,6244795,147832,4477
XSLc0d5aM04,207,300,193,2113899,6395,3477
sD6RIeNP41I,124,97,79,4608780,24050,4197
vpcDYc_4gV4,56,99,45,1685503,5685,999
NPptT6BsnWQ,162,170,68,446019,17326,786
ZYSjPZUqLdk,194,126,80,998539,55994,7350
xEKSJLaiZa0,89,81,20,139474,3555,137
gqYZLNMDVJc,191,169,40,2710775,18172,445
SGuUAtJ8yMM,215,138,44,274702,9604,345
oUb-TwzDnk8,44,140,16,690461,21349,680
Mhfg2lVpW8k,132,194,65,358775,14047,271
FvcNr_5uWgY,318,247,35,14300676,766208,7822
LDcm6twPEJA,66,77,57,367921,20478,887
57-gdzXqkRc,26,29,6,128415,1576,63
83ZrTybo2t4,197,134,69,719645,20541,413
rRi8LptvFZY,132,184,76,1425756,22863,8255
jYnoFIgUwqY,125,138,37,420343,27411,139
vr0qNXmkUJ8,216,236,48,3223085,89669,800
E6PU9IvLJM0,37,129,34,1756528,33951,1663
a6Zj09zFXbI,264,203,33,1268121,92962,542
5al17hlhowA,112,80,8,846875,67129,703
cLPgQ9kPpFM,8,6,5,21968,36,0
pnKcqi0Wvys,29,61,10,422939,11532,845
_HTXMhKWqnA,139,181,80,8786584,275762,9108
CYoRmfI0LUc,296,328,176,14443974,148749,28908
bvomHFZO0mk,226,397,77,5734747,62076,4331
hMfIIxf8ADo,225,151,24,427040,17807,447
ebzims_XwpM,115,162,23,5261270,407602,6092
JNzCrIcAnck,212,246,42,2276269,145468,2098
lfPvOEN5vaA,173,277,150,4767914,16792,22411
w7h--c54_O8,137,330,33,2110704,119494,1101
-otJ1LJGzcc,144,213,143,7278794,20358,3943
N0lsMVNXZJY,178,246,176,7788169,26844,14297
bvev1Bjx6oA,157,207,36,25060712,24943,583
uNnslXhf-zU,92,170,33,117009,1871,31
kqJaCoKQurc,30,49,21,209885,1939,92
f5F2whaRzqw,10,0,4,5827,209,0
WCYHrvLTaqg,188,148,22,253386,5870,24
bvuQ0ZusV8Q,125,235,40,3989060,93912,1952
an5vV5aw74I,148,108,44,291867,9547,1140
2rki0cQ5V2U,114,170,48,702297,6369,116
Jc8fBk_8iT0,6,18,4,61726,406,42
_cu4FHyCcT8,150,279,71,1646201,29182,4160
rBKYvAdXT-k,25,73,2,292385,16690,415
0TP1zVBdosw,156,405,39,37970602,951845,20255
fOmwkTrW4OQ,50,55,4,208508,2226,117
OMW_dPtm7Bo,107,132,61,4491089,121941,1448
CEdAjI801Wo,0,1,2,11010,172,2
ql0Op1VcELw,196,243,61,4249051,114887,4341
a41k9oJN0FI,206,167,127,1878712,59580,1683
ermfn4zyosw,72,175,94,136502,862,266
BNJUsE7pEs4,228,199,73,3313739,83236,8999
00P112HXoK0,24,34,42,29886,327,227
vWmjyYh64vg,107,76,17,69746,5550,59
MHzktkbjDOE,290,183,27,4294359,220052,2591
fUjicxMPDzs,179,216,105,23632448,245408,34539
2jvi4e0NIHs,204,139,57,712420,43707,453
_Z3P18GHej8,251,194,55,4544114,153285,5222
mTnRc4pVu4w,38,53,9,106186,4695,193
q9o_VjdugHw,4,12,8,90780,81,3
h_mpwaCJUrY,40,12,8,52725,794,10
J_ub7Etch2U,215,231,54,38879097,1549543,31436
khRWGSllNKw,138,283,79,2989201,67110,1202
RM5ja5nr3UI,5,5,1,11227,139,8
raNcTqw-I-o,78,80,42,2189885,42510,4039
ZYQ1cVRtMZU,105,271,24,8721557,365595,10081
8I1B4n_8Cto,227,319,52,1010830,26230,730
qRoVlH1OcI4,226,196,173,284243,6637,3963
UtWoJUrnkGw,50,39,8,96763,3050,123
QBGaO89cBMI,173,267,60,6504500,265916,3254
u6iVspBWzZU,120,29,51,325998,40514,159
Rmg5fLRBkZo,189,174,37,5659623,208386,7326
WRzqSDyOSbY,207,267,26,1616808,139589,651
mPvNt7PB6dE,15,36,9,32232,249,4
40M4DF8aIYs,126,68,6,62871,3539,23
aUAQGzkAtQE,4,7,0,78878,46,28
W4YZIAtS-S0,114,153,33,6170262,237366,2874
ZpVhZ-om7UQ,28,48,16,120340,557,90
SeUyzOP3mys,253,114,33,2703255,82569,3498
FILJznSr6fs,2,1,2,13586,48,4
Rdk4d74j3p8,56,35,9,155255,1110,15
LSEoaPGFGHY,40,7,6,41665,516,10
cMKX2tE5Luk,283,350,67,11311860,259761,4503
l864IBj7cgw,109,207,84,2444384,40428,1887
C3cwtcomilA,32,19,5,20503,741,33
lBspB4K-F-c,52,38,10,599780,29851,299
PbW14E2eHJ0,182,277,41,8604028,645680,7112
pQiV81L3zL0,2,2,0,12074,91,2
J0sg_Au8zX8,58,38,20,191031,2129,58
NFHAAtVkbpA,89,115,42,33170,344,148
5PaDeyRNUyc,254,214,132,11497691,366042,32848
wqcHGWG8MLQ,174,100,26,94771,6863,46
2bOeaS1wREE,2,1,0,82566,74,120
yG-yfbDscbo,201,138,61,1478407,67050,1582
94U8bow4CU4,1,0,0,3300,16,3
Q7o163QU8CE,220,71,9,296866,22751,236
MmAL1EOkLUo,2,4,0,38899,174,4
PPg1gN_ey2o,41,51,8,2451184,176110,1017
F4ELqraXx-U,286,337,77,22176332,1446969,22307
30QPEkhcYeQ,87,143,70,1664053,37824,6359
aLWLzUa2Qyk,201,212,87,489920,40703,1262
1NyMSWqIJDQ,159,329,112,52426065,1884890,631817
E7HqW6S-g7c,224,277,99,2416152,54329,2161
FgW2kpNQ7BY,10,4,2,16015,223,5
8kpD3XCp49o,124,206,70,1392143,32144,3265
YCYXUi_5kns,161,192,47,3365115,110089,1093
1rmAi9XmlIo,221,219,59,1713507,48358,1781
x0GbpqxD42k,63,116,21,333594,8696,72
6O7x7-srbHI,209,158,33,1419590,53575,537
Jc2x5aHCs6g,172,107,21,718093,31141,543
FwT9nx8GHxE,104,385,111,11181393,411679,14145
7qLrKUtV0Kw,91,129,104,681934,1667,431
LGAfo5unZaw,129,226,45,772802,31474,389
NMRvbg-denE,80,122,97,1796764,5871,3216
j5YSOabmFgw,325,357,18,4564141,251316,2924
StJTV8bx-jk,66,90,44,2374698,35390,1198
fzA6VoZCZlI,77,109,14,898137,116132,550
3qVHkOOyD5s,146,144,47,300666,6235,241
6HXaooyXjds,245,81,27,51349,5592,35
UwK-WDjdMxo,46,143,11,3246488,167770,5540
DOz4H0jlthc,123,93,64,46622,412,182
NCFO5eifDtg,70,92,38,1457787,41399,1868
1Yt1O-OhAm4,160,229,52,604488,8331,169
rJTkHGXMdb0,95,354,50,3500491,94757,2980
941Bl3oxk8Y,124,154,21,4458059,350241,2742
t5Q5uRIc26k,30,57,13,242693,6258,116
Ik15Y5lDeJw,186,165,49,458029,3801,82
kMjuCx_kpiw,18,12,8,21754,107,104
ibHFy-mo4Pw,79,85,36,467494,21412,283
EoejGgUNmVU,161,226,13,466383,26164,232
xHvVhhFvLtY,219,407,74,12714614,266310,5310
nImFZRtGeAQ,86,82,32,921642,22071,1030
-zCYX0esYlo,92,145,63,1807956,51739,570
q8b5mciIDnA,91,85,43,507560,1524,755
v_TJKwJwN0E,46,29,25,387875,3697,545
k7XFlD5dzZQ,2,3,0,4646,12,0
dE9-DgGYZRU,109,407,84,10918069,336625,13245
q68xUVH3qiM,162,217,121,804208,21121,1847
GLbJCklVVJU,92,172,36,1474791,13294,562
0TMHdsFYDOo,180,164,156,536899,2567,2061
HUgYoT_xEFY,357,114,29,752125,58377,316
EVp4-qjWVJE,54,108,38,1573740,12627,738
O-eWLaO3gy4,327,251,22,280418,17838,230
9VjKMTwFXMw,21,479,0,3048311,72837,2394
2Lq5pZrbpHc,145,173,82,964005,24729,482
aVsOXRgjeeU,146,204,50,18236672,269928,5709
o7H7xdjGnCc,62,21,17,74054,6872,38
eoAEp5A-arY,17,16,8,18254,683,8
WP98DDNKQ0U,122,152,26,294475,3644,147
jUrpOg4fBs0,158,475,64,3579849,95880,3287
4z4xoO-NGUg,132,265,48,192998,1750,271
446dbFQEFJU,55,116,29,1303073,21568,2274
XvPWUkHjWG0,201,241,58,21507672,1834906,34597
-DGXHMOhXAw,168,141,91,1383980,48005,340
8bSCIUAeLis,62,213,50,142770,1083,86
_iBpGz54ngs,269,205,12,183219,11361,53
9mAcJRFfAL0,166,170,64,620556,31072,699
DKY09vZWj88,26,16,7,11876,855,18
XNJmeXb4Y0A,60,59,4,111437,1694,56
jizvSedEDDI,97,77,26,189000,9596,224
CK-0c50Si5w,329,62,9,104696,11306,129
VzPD009qTN4,247,266,87,10270327,608127,4410
pfQ09sKITss,69,97,34,1439784,4629,596
yDDDJC3AYtA,112,143,45,2508375,133946,2202
evdxH50J3rs,60,83,17,190062,2957,114
Y61Q5w8qdSw,111,111,78,2863622,221270,30772
TV-_Yuc228s,93,86,21,1727464,179497,963
vpsP_cg8urU,33,42,25,208472,2730,102
